# phasetime, flux, flux_err
-7.000863098212461999e-02,1.000193963069579306e+00,4.505865650939918352e-04
-6.995021400368828246e-02,1.000273548667357515e+00,4.520798030421587367e-04
-6.967607414325151238e-02,9.995773821014791727e-01,4.503083193273036528e-04
-6.964646821212461258e-02,1.000150708719333981e+00,4.509158203030312053e-04
-6.961724226060815590e-02,9.999586574883340129e-01,4.513062315952200577e-04
-6.931387132638079651e-02,9.998572375408636415e-01,4.504992121021153691e-04
-6.925544410339611046e-02,9.995651955111585218e-01,4.519866592408402269e-04
-6.898130284597547845e-02,9.992522524314259025e-01,4.502811677760266539e-04
-6.895169831183246834e-02,9.999356902464491270e-01,4.508297531434220067e-04
-6.892247236031601165e-02,9.990035682337889966e-01,4.512392266778971362e-04
-6.861910002910476258e-02,1.000376865098894674e+00,4.505930580481443083e-04
-6.856067420310398008e-02,1.000854539263784426e+00,4.523457705877784217e-04
-6.828653108303818497e-02,9.997347908693616780e-01,4.503423588366529972e-04
-6.825692608323384591e-02,1.000382564513538908e+00,4.510305964847273301e-04
-6.822771410155605010e-02,1.001093189982017462e+00,4.516589162756581215e-04
-6.792432826616746910e-02,1.000327010534637129e+00,4.505849075045341608e-04
-6.786590383715050689e-02,1.000140825624318941e+00,4.525802012034845444e-04
-6.759175932010086374e-02,1.000071456607383391e+00,4.503287788401100287e-04
-6.756215571728041436e-02,1.000746659404215144e+00,4.511447024637924323e-04
-6.753294326994131735e-02,9.999643072467075955e-01,4.514726547834555545e-04
-6.722955743455270861e-02,1.000712845834086373e+00,4.506227329974083992e-04
-6.717113393685837652e-02,1.001127630906242461e+00,4.544540132966578519e-04
-6.689699919869573908e-02,9.998473334669032431e-01,4.502662936085428621e-04
-6.686738442000438043e-02,9.982868713364969615e-01,4.509339587908074774e-04
-6.683817290398784416e-02,9.994244334738489055e-01,4.514137861482816279e-04
-6.653478613727671631e-02,1.000397495809478565e+00,4.505038864866091558e-04
-6.647636403656620452e-02,1.000502557808351733e+00,4.552441869793633013e-04
-6.620222790141970515e-02,9.998898705215908400e-01,4.502375382908729547e-04
-6.617261312272838814e-02,9.998872257573024891e-01,4.509604346260090977e-04
-6.614340207237312530e-02,1.000762671651898472e+00,4.517906480713309572e-04
-6.584001484000068238e-02,9.998570895367340228e-01,4.504548261771823656e-04
-6.578160577780622909e-02,9.993560592048944535e-01,4.530419920573609577e-04
-6.550745613848241167e-02,1.000464638328925293e+00,4.503373380274908536e-04
-6.547785393264582421e-02,9.999199862716402487e-01,4.509275994494092200e-04
-6.544863217208098105e-02,9.993819469371599817e-01,4.515533853159506869e-04
-6.514525518425685890e-02,1.000499189308780235e+00,4.506245233650435240e-04
-6.508683587751405708e-02,9.997064568553706287e-01,4.526378622320609063e-04
-6.481268437554509043e-02,1.000600835861977345e+00,4.504480373875533340e-04
-6.478308310103109147e-02,1.000789102764972904e+00,4.510204504211672168e-04
-6.475386180612752174e-02,9.995605735073644915e-01,4.516147560368696952e-04
-6.445048388698082498e-02,1.000408972778844996e+00,4.506380108040994813e-04
-6.439206551156062552e-02,9.994647564514993476e-01,4.525169825420158223e-04
-6.411791307826909814e-02,9.999671114304043984e-01,4.503949362029623332e-04
-6.408831180375507142e-02,1.000811317500017505e+00,4.510886651745902557e-04
-6.405909144017407630e-02,1.000808580392983815e+00,4.521455624442444871e-04
-6.375571258970479105e-02,1.000362863731535601e+00,4.505840943007332591e-04
-6.369729561126845352e-02,9.997555283663908110e-01,4.525568457794744599e-04
-6.342315249120267229e-02,9.994908646374160988e-01,4.502141874545875474e-04
-6.339354097214033867e-02,1.000201373677534589e+00,4.510021133482599665e-04
-6.336433271575281356e-02,1.000452679956601143e+00,4.522393912884924974e-04
-6.306094129242877100e-02,1.000404488091140021e+00,4.506274888917135646e-04
-6.300252571097632315e-02,1.000616073158316022e+00,4.528412780933646306e-04
-6.272838119392663836e-02,1.000485537722472174e+00,4.503955793251668044e-04
-6.269877014052560593e-02,9.996206369296261052e-01,4.509816118566650355e-04
-6.266956188413808082e-02,1.000496178419318039e+00,4.522843370349410885e-04
-6.236616999515277177e-02,9.999048124303975271e-01,4.505870223075199950e-04
-6.230775581068415114e-02,1.000914324939612854e+00,4.528934943631017268e-04
-6.203360896532805063e-02,9.998084892182022010e-01,4.502714350817752669e-04
-6.200399884324957894e-02,9.991892410273415237e-01,4.509270911495009797e-04
-6.197479198384591575e-02,9.999211998670690660e-01,4.522144153373948384e-04
-6.167139869787674478e-02,9.998189093955539564e-01,4.506087850817694167e-04
-6.164194969460367463e-02,9.993834605763322054e-01,4.515736807492986009e-04
-6.161299755192418265e-02,1.000230555775550423e+00,4.527541896374825113e-04
-6.133883766805202364e-02,9.996202322769373039e-01,4.501412406043436170e-04
-6.130923965316704277e-02,9.997991758079349811e-01,4.510120530166842885e-04
-6.128002161789247726e-02,9.988540550182367639e-01,4.520387255742542546e-04
-6.097663904213291436e-02,1.000247582515563893e+00,4.506577710162129298e-04
-6.094717886298894882e-02,9.996939448008618223e-01,4.516829406588784976e-04
-6.091822672030944991e-02,9.996838891113521974e-01,4.526004849811380367e-04
-6.061446882155231003e-02,9.993320074415740217e-01,4.509033058745125699e-04
-6.058525125193904570e-02,9.995611519975166059e-01,4.521697317673196320e-04
-6.028186727919559312e-02,9.996037978171324889e-01,4.505023720729118999e-04
-6.025240803137421608e-02,1.000070027410028706e+00,4.517890447028887098e-04
-6.022345728567857909e-02,9.993572544608310126e-01,4.524279766244584792e-04
-5.994930624937089975e-02,9.996802792009997773e-01,4.502219954038286969e-04
-5.991969705861498879e-02,1.000628260538709124e+00,4.511876729365012022e-04
-5.989048135164687370e-02,1.000046198659547692e+00,4.524136548043749813e-04
-5.958709598191959389e-02,9.991695031649154846e-01,4.504071685735689485e-04
-5.955763766542077758e-02,9.997762358165904750e-01,4.517148338541924330e-04
-5.952868691972511284e-02,1.000183085276267647e+00,4.524310768606953719e-04
-5.925453402077231202e-02,9.992596952651514597e-01,4.501872003792204910e-04
-5.922492669266155724e-02,1.000352562423618918e+00,4.512189423598823770e-04
-5.919572262722561096e-02,1.000046431845522443e+00,4.526044778632831831e-04
-5.889232468464356690e-02,1.000518107379630317e+00,4.506362158935118623e-04
-5.886287847533821366e-02,9.990590631780665865e-01,4.516014092599497025e-04
-5.855976272349628503e-02,9.994464983836237604e-01,4.502282087824132869e-04
-5.853015586104682449e-02,1.000455803846868053e+00,4.512713830258726255e-04
-5.850095226127217246e-02,1.000550964595405379e+00,4.529349171822473030e-04
-5.819755338736753991e-02,1.000899283776118365e+00,4.508528753543051128e-04
-5.816810764372348785e-02,1.000374278687006235e+00,4.518968570629621298e-04
-5.786497931902679498e-02,9.992916871767170139e-01,4.501862372404955752e-04
-5.783538502943209175e-02,1.001546127285584120e+00,4.515738621568961492e-04
-5.780618189531870621e-02,9.992277290143781743e-01,4.527219494956273636e-04
-5.750277091422061060e-02,9.983921940264220973e-01,4.505647070408611661e-04
-5.747333727777004936e-02,1.000662110495461388e+00,4.525229094432584010e-04
-5.717021919762166338e-02,9.997560340150847269e-01,4.502732051738186393e-04
-5.714061373215606476e-02,9.988549584969868000e-01,4.511251579101088456e-04
-5.711141106370398041e-02,9.998000479205225721e-01,4.528533877104105659e-04
-5.680801079281551369e-02,1.000367220763403564e+00,4.507554256138588842e-04
-5.677856644615531662e-02,1.000120369548962884e+00,4.518580527102168025e-04
-5.647544743468434214e-02,1.000249078451419749e+00,4.504681304497432765e-04
-5.644584196921877128e-02,1.000812865065209500e+00,4.515302978529883216e-04
-5.641664116341184310e-02,9.991998032910578420e-01,4.527834942518647009e-04
-5.611323949553948670e-02,1.000039959001075118e+00,4.506757183808811395e-04
-5.608378397300838730e-02,9.998048937289500948e-01,4.525023923932151144e-04
-5.578067613740834291e-02,1.000168562428717989e+00,4.505039081823107605e-04
-5.575107160326530503e-02,9.998034932065167357e-01,4.514168982039103942e-04
-5.572185915592620803e-02,9.992172090295222686e-01,4.528576813691353531e-04
-5.541846819826345971e-02,9.991281913466936171e-01,4.504766928990795857e-04
-5.538901360705495575e-02,1.000193152219433390e+00,4.536068528225781888e-04
-5.508590437447102167e-02,9.996887200380477623e-01,4.504329565466082112e-04
-5.505630030598927804e-02,1.000440377239256273e+00,4.516338405653874807e-04
-5.502710043150493835e-02,9.996349999439756440e-01,4.532885036762473985e-04
-5.472369690098743272e-02,9.993371506659355363e-01,4.505594272451264376e-04
-5.469425441697239182e-02,9.995262424636128795e-01,4.528132432723025198e-04
-5.439114425306589701e-02,1.000393910077059578e+00,4.505979425604344428e-04
-5.436152994003583955e-02,9.998602552611928207e-01,4.514933125634922008e-04
-5.433232959989021255e-02,9.997202845969437313e-01,4.528411757402174055e-04
-5.402892560371143349e-02,9.990782057876198552e-01,4.505517325726857711e-04
-5.399948405101896026e-02,1.000992070242394893e+00,4.533596894097224189e-04
-5.369637249012860353e-02,1.000815960132999782e+00,4.506270836996794510e-04
-5.366675817709854607e-02,1.000307870984065373e+00,4.516513110378616615e-04
-5.363755969959804054e-02,9.996232468427543871e-01,4.525818474737368260e-04
-5.333415384077411225e-02,9.995375360220606353e-01,4.507505335182219303e-04
-5.330471321940422752e-02,1.000986146551592348e+00,4.536683708095940295e-04
-5.300160119285257654e-02,1.001335084595661451e+00,4.507596955388594299e-04
-5.297199898701598908e-02,1.000477170391836701e+00,4.518171676751993283e-04
-5.294278933364460898e-02,1.000523783172711401e+00,4.524495238044378711e-04
-5.263939418503028184e-02,1.000166505522767535e+00,4.509020485067043366e-04
-5.260994238778949478e-02,9.994072295069783562e-01,4.529246736783607659e-04
-5.227722815540125634e-02,1.000983139450058568e+00,4.522498015866358262e-04
-5.224801943335243698e-02,9.998736923745166205e-01,4.521217181217658185e-04
-5.194462288775425485e-02,1.000553793997375651e+00,4.510765440394635603e-04
-5.191517202183602853e-02,9.998335518371174180e-01,4.526639655417538221e-04
-5.161205766697795488e-02,9.992396732816682947e-01,4.504583453542359748e-04
-5.158245732378652360e-02,1.000784827462990689e+00,4.527404287823979666e-04
-5.155324906739900542e-02,9.997719350467390020e-01,4.522136395685305435e-04
-5.124985159047822786e-02,1.000512329673046041e+00,4.511122462582614905e-04
-5.122040119022129578e-02,1.000004046460540419e+00,4.530215596253808785e-04
-5.091729801123412447e-02,9.996922748026960681e-01,4.505623010411913243e-04
-5.088768602651049661e-02,1.000058670292755192e+00,4.535773070294618972e-04
-5.085848987731644150e-02,9.997956231901569124e-01,4.522831910080467744e-04
-5.055508029320222863e-02,9.994740939555027959e-01,4.509047646708696112e-04
-5.052563082426786423e-02,9.993665222909551282e-01,4.534260096066137277e-04
-5.022252624829680323e-02,1.000176610943401823e+00,4.505441053806497780e-04
-5.019291519489576386e-02,1.000199000769839364e+00,4.532175821387800056e-04
-5.016371951136300300e-02,9.992709181427691378e-01,4.521065815355606709e-04
-4.986030899592620164e-02,9.999116887399859266e-01,4.510608575531241957e-04
-4.983087163418530030e-02,1.001022680657981834e+00,4.571813390548640178e-04
-4.952775401969820857e-02,9.999261297940931215e-01,4.503932727319910124e-04
-4.949814436328103112e-02,1.000429374025855633e+00,4.528920108421415698e-04
-4.946894961107083794e-02,9.991062002546181597e-01,4.519913388949311638e-04
-4.916553769865017465e-02,9.999119156595811519e-01,4.525748505346714138e-04
-4.913609987124800682e-02,9.993267011517282805e-01,4.554492861052320853e-04
-4.883298272242221627e-02,9.999920399889037359e-01,4.504411038446525959e-04
-4.880338470753720070e-02,1.000067547038209437e+00,4.532131742586467909e-04
-4.877417831379483870e-02,1.000178553574087914e+00,4.521749782992034311e-04
-4.847077757724504998e-02,1.000696143958148543e+00,4.514398021750815537e-04
-4.844133043661713600e-02,9.999152474533218315e-01,4.532547794983550178e-04
-4.813822260101709161e-02,1.000147018553230849e+00,4.504784696915233922e-04
-4.810861387592247490e-02,1.000434741762961099e+00,4.530241059689860323e-04
-4.807940887916396788e-02,9.991064622883474300e-01,4.520870141500875653e-04
-4.777600674563031724e-02,9.995991662714472925e-01,4.512616745915157333e-04
-4.774655913934110901e-02,9.998107073879405338e-01,4.526984055920524243e-04
-4.771762003517766859e-02,9.994001497512832177e-01,4.515306549313790490e-04
-4.744345130374106462e-02,1.000709839133177681e+00,4.507162953369958929e-04
-4.741384304430774216e-02,9.999291764327922216e-01,4.526317689103271703e-04
-4.738463804754923514e-02,9.995141652690351375e-01,4.518754523031167465e-04
-4.708123498269302376e-02,9.996274747179726416e-01,4.514276150299285830e-04
-4.705178923904897170e-02,1.000764774979389982e+00,4.528439727059379596e-04
-4.702285106620806426e-02,1.000515456048535423e+00,4.517632242536048803e-04
-4.674867907514246995e-02,9.994044813383393677e-01,4.503989442323135602e-04
-4.671907174703171517e-02,1.000582126785857895e+00,4.524735449628795132e-04
-4.668987978878923195e-02,1.000647883423207318e+00,4.520217081810994162e-04
-4.638646415107829102e-02,9.999918437786841086e-01,4.516514671236304289e-04
-4.635701794177293777e-02,9.997999034346033431e-01,4.523521925493276057e-04
-4.632808023459333152e-02,9.998608941663532645e-01,4.516908714780073055e-04
-4.605390824352773721e-02,9.998902746755795601e-01,4.506650059885839734e-04
-4.602430091541698243e-02,1.000216668392980957e+00,4.525186030796967567e-04
-4.599510942283580039e-02,1.000217375673168041e+00,4.519020003652481532e-04
-4.569169192247966860e-02,9.994009211923285951e-01,4.515196419568805555e-04
-4.566225968301296928e-02,1.000397562586480715e+00,4.524471900887619782e-04
-4.563331033430119421e-02,1.000120976145237428e+00,4.516912410812477883e-04
-4.535913601492914948e-02,1.001109818015161856e+00,4.508708149737278509e-04
-4.532953008380224968e-02,1.001274810994075670e+00,4.527843226250578747e-04
-4.530033905688236190e-02,1.000851817668330535e+00,4.519656430452509183e-04
-4.499692155652623704e-02,9.991619083953859892e-01,4.516379168654480517e-04
-4.496748792007564804e-02,1.000134670166834105e+00,4.522105375400169830e-04
-4.493853996834772796e-02,9.999886267179355359e-01,4.516368986432484620e-04
-4.466437589352402482e-02,9.990525417239395356e-01,4.504853392079545115e-04
-4.463477089371968576e-02,1.001020757369173175e+00,4.526801607088626767e-04
-4.460556869092889565e-02,1.001113199559919398e+00,4.519682332128882032e-04
-4.430216190078240662e-02,1.000905147600553491e+00,4.522101776926617275e-04
-4.427271801978351073e-02,1.000145325512370231e+00,4.521091346580170681e-04
-4.424378217524905371e-02,9.999168673028014931e-01,4.515256594934148322e-04
-4.396960506190929208e-02,9.998862832153135871e-01,4.507119096184723566e-04
-4.393999913078239228e-02,1.000431365210293855e+00,4.526160248690621365e-04
-4.391079785931416984e-02,9.994304013179742263e-01,4.515562943229460449e-04
-4.360739106916767388e-02,1.000414015875623841e+00,4.527605470663794156e-04
-4.357793554663658142e-02,1.000127295688890916e+00,4.519709184077643329e-04
-4.354901227495688171e-02,1.000037131659117229e+00,4.514909899431619245e-04
-4.327482119177850778e-02,9.989586442892713913e-01,4.505446275677538279e-04
-4.324522876482896072e-02,9.997203371609524325e-01,4.522428364607307557e-04
-4.321602795902203253e-02,1.000315251726622057e+00,4.516686598647807766e-04
-4.291260766469818383e-02,1.001010614579381341e+00,4.530864368057246796e-04
-4.288317635655404525e-02,1.000497737936298925e+00,4.519143323006497080e-04
-4.285424237466471664e-02,9.998053019744677083e-01,4.513471522024415684e-04
-4.258004942884117960e-02,9.993651599341945024e-01,4.506480908576333735e-04
-4.255045746755293373e-02,9.997335321825534526e-01,4.521465639236382046e-04
-4.252125759306856628e-02,9.992569721626877177e-01,4.514403774806920503e-04
-4.221783636742215684e-02,1.000542966375734588e+00,4.524519062120947667e-04
-4.218840599060057900e-02,1.000366259588025386e+00,4.518249298266456136e-04
-4.215947200871127815e-02,9.998275637865216003e-01,4.512763718666718080e-04
-4.188527766590388612e-02,1.001142334381083909e+00,4.510608841715403258e-04
-4.185567499440600442e-02,1.000640724594040298e+00,4.522814036762088491e-04
-4.182648769277642897e-02,9.999200458048087548e-01,4.515830247357838180e-04
-4.152306507014612985e-02,9.992808285432122073e-01,4.520794023176245065e-04
-4.149363562464714744e-02,9.994191501761889862e-01,4.516108602051953987e-04
-4.146470210841911308e-02,1.000862005097581831e+00,4.515205110148731715e-04
-4.119051801016005571e-02,9.997083852559339734e-01,4.508395413162006021e-04
-4.116090416279127168e-02,1.000409544977421961e+00,4.521011562760994832e-04
-4.113171732682296272e-02,1.000671457387821484e+00,4.517064522953777067e-04
-4.082829423853139711e-02,1.000104635418875176e+00,4.518760399205105634e-04
-4.079886432737112045e-02,1.000614049654436899e+00,4.518057023052528005e-04
-4.076992010093351271e-02,9.999402309489622276e-01,4.513441109910091426e-04
-4.049574624722273447e-02,9.988651811536065628e-01,4.507106520805707461e-04
-4.046614497270873551e-02,9.994205018749198199e-01,4.519192561003152787e-04
-4.043694696086952423e-02,1.000229754529283088e+00,4.515851561299706130e-04
-4.013353411712627244e-02,1.000514965004683177e+00,4.520519852633592063e-04
-4.010409442707894845e-02,1.000183483198163747e+00,4.517178181084245637e-04
-4.007516230783480377e-02,9.991170971816375479e-01,4.511425079792492931e-04
-3.980097401862414674e-02,9.999369055765017222e-01,4.509951923139191715e-04
-3.977137367543270852e-02,1.000688571596820120e+00,4.522093475779601947e-04
-3.974217706057735916e-02,9.997390224460401820e-01,4.514544340877055641e-04
-3.943876328551153970e-02,9.987943833201939903e-01,4.524140463315739352e-04
-3.940932312980294921e-02,1.000471380088160611e+00,4.517712678001785257e-04
-3.938039194188137221e-02,1.000810732129853386e+00,4.515271084973095680e-04
-3.910620318700941400e-02,1.000084607843660045e+00,4.514901927462282413e-04
-3.907660284381798271e-02,9.996193408519240542e-01,4.519379526063373653e-04
-3.904740622896262642e-02,1.001007871757172429e+00,4.515990072817592450e-04
-3.874399152257424622e-02,1.000229957210568177e+00,4.521084582140978518e-04
-3.871455322951078415e-02,1.000266418758149811e+00,4.517020556939753168e-04
-3.868562250725050139e-02,9.997103093448184152e-01,4.512898908716429574e-04
-3.841144306560428934e-02,9.995629694502806695e-01,4.513539037160343927e-04
-3.838183154654194879e-02,9.997359474406732893e-01,4.518589216799647943e-04
-3.835263586300919486e-02,1.000192425758142489e+00,4.514060235490160436e-04
-3.804922069095951348e-02,1.000788228932440349e+00,4.521261206754374849e-04
-3.801978193223475716e-02,9.992617105688276213e-01,4.514741759095456048e-04
-3.799085214129706289e-02,1.000163514832743461e+00,4.513864595501203064e-04
-3.771667130266699586e-02,9.997586381561237578e-01,4.511867916531710904e-04
-3.768706118058851723e-02,1.000331112350632434e+00,4.518617638513513276e-04
-3.765787713858792518e-02,1.000363606849035358e+00,4.514060356559276540e-04
-3.735444892802219224e-02,9.997126182565363450e-01,4.517882190780730706e-04
-3.732502320781348748e-02,1.000372471248190953e+00,4.516068927656033188e-04
-3.729608177534359664e-02,1.001193237690074955e+00,4.516210691649334696e-04
-3.702190000539096193e-02,9.985678726145074124e-01,4.509620705604397168e-04
-3.699228988331249024e-02,1.000496635950933522e+00,4.518667716513673021e-04
-3.696310723829575318e-02,9.997436129355482537e-01,4.511723426925766368e-04
-3.665967763074619301e-02,1.000051799963060928e+00,4.517869741296805935e-04
-3.663025191053749519e-02,1.000268409539979864e+00,4.515741742425873691e-04
-3.660131187505145933e-02,9.995454811047155275e-01,4.512946039633759267e-04
-3.632712824245364069e-02,9.994415694984977172e-01,4.513338468092830107e-04
-3.629753069322992631e-02,9.998196084220570823e-01,4.515940181743271012e-04
-3.626833687234232162e-02,1.000753006512955068e+00,4.514237286004610557e-04
-3.596491797500233484e-02,9.996311373194657346e-01,4.516263382353905985e-04
-3.593548201024532318e-02,1.000286626818534197e+00,4.515685040461477127e-04
-3.590654197475929427e-02,1.000096261086157456e+00,4.513875265736323338e-04
-3.563235647951634721e-02,1.001091188569463108e+00,4.516624014363324448e-04
-3.560275939595392708e-02,9.998897199669659619e-01,4.515655703156483489e-04
-3.557356604072758888e-02,1.000163330588542232e+00,4.512818731342926144e-04
-3.527014667772630785e-02,9.997287191715894528e-01,4.516346227512297272e-04
-3.524071117863059044e-02,9.998846529524927362e-01,4.514857426842337784e-04
-3.521178371599931883e-02,1.000626342474612240e+00,4.515326920217735298e-04
-3.493759635811122255e-02,9.995148976105150407e-01,4.514283927828494059e-04
-3.490798903000046083e-02,1.001403112054324307e+00,4.519953818655819190e-04
-3.487879614043542381e-02,1.000040291355967614e+00,4.512777144586632748e-04
-3.457537538045030862e-02,1.000666580255337168e+00,4.518922266329186113e-04
-3.454594034701585770e-02,1.000310758858615756e+00,4.515107062042229401e-04
-3.451701381570715377e-02,9.996451464559494848e-01,4.511990699222096250e-04
-3.424282506083519556e-02,9.991574373654872332e-01,4.514696432773044948e-04
-3.421321773272446853e-02,9.995411167250385365e-01,4.514388658861279049e-04
-3.418402530882069107e-02,9.995461319563658797e-01,4.511008517204188168e-04
-3.385116998106242614e-02,9.996249015332100418e-01,4.513057145262081016e-04
-3.382224391541498176e-02,9.997463186368824584e-01,4.512794694210896327e-04
-3.354805283223660090e-02,1.000314936004456978e+00,4.517336110080660892e-04
-3.351844690110973579e-02,1.000390397214438565e+00,4.515830910064467661e-04
-3.348926658439942139e-02,9.996767404813364788e-01,4.511451431012101533e-04
-3.315639914944769340e-02,1.000240964382316688e+00,4.513505440384099642e-04
-3.312747401512284445e-02,1.000305685493870556e+00,4.513210468210472268e-04
-3.285328106929930742e-02,9.999702970527832857e-01,4.517863329739435301e-04
-3.282367560383370880e-02,9.994411521860091518e-01,4.512898537680987078e-04
-3.279449621844598983e-02,9.999865564438273902e-01,4.512662068345007788e-04
-3.246163995936512947e-02,1.000239608638761935e+00,4.513585649422755886e-04
-3.243270364916937820e-02,1.000097092495094486e+00,4.513707483433752605e-04
-3.215850977202328043e-02,9.993294423144861716e-01,4.515208430118844343e-04
-3.212891641375114488e-02,1.000588095537454869e+00,4.514224542960683633e-04
-3.209972631815381783e-02,1.000143989681911760e+00,4.512888119691764043e-04
-3.176686959341169791e-02,1.000685301651390358e+00,4.513034911969442966e-04
-3.173793374887724089e-02,1.000255342638480593e+00,4.514241130618887017e-04
-3.146374965061815576e-02,9.994583086251637161e-01,4.515581856806827050e-04
-3.143414558213641213e-02,9.998116799017693346e-01,4.512487365942810264e-04
-3.140495595220038627e-02,1.000829208950252402e+00,4.514098002649497400e-04
-3.107209922745823166e-02,1.000107110160071811e+00,4.511177525549302215e-04
-3.104317549011727240e-02,9.987578599525516188e-01,4.511846380664940996e-04
-3.073937428486038514e-02,9.991176508083898788e-01,4.510040427980212784e-04
-3.071018558624695124e-02,1.000249860308104255e+00,4.513097924701383375e-04
-3.037732793018220467e-02,9.998603214708668974e-01,4.511017004876293575e-04
-3.034840558982510386e-02,1.000082192106625190e+00,4.515404346736417020e-04
-3.007420659040483529e-02,1.000176284846210129e+00,4.518471847200450451e-04
-3.001541522029348499e-02,9.995598024112303248e-01,4.512284827722519952e-04
-2.968255802989006389e-02,1.001578041538164987e+00,4.514323753469616659e-04
-2.965363522387166884e-02,1.001156564343121946e+00,4.517837166963714472e-04
-2.937943436180624410e-02,1.000180666476316205e+00,4.515263848539740471e-04
-2.934983308729222085e-02,9.996221317121962713e-01,4.510410878597534965e-04
-2.932065649587221878e-02,1.000351233030180254e+00,4.513015967619363428e-04
-2.898778719827533462e-02,9.992133102556103319e-01,4.509467106444129737e-04
-2.895886578924079455e-02,9.999898229675562300e-01,4.514996715793943719e-04
-2.868466353019151482e-02,1.000023124034777222e+00,4.514189131688726379e-04
-2.865506179001619039e-02,9.994283983063203536e-01,4.509621833161668353e-04
-2.862588612991878376e-02,1.000568204300861685e+00,4.513988457515090186e-04
-2.829302800819277069e-02,9.992331762581249111e-01,4.509294627875080007e-04
-2.826409542328733177e-02,9.995735947058861370e-01,4.513062528263128421e-04
-2.798989176725419012e-02,9.997305819747684952e-01,4.512698839904365883e-04
-2.796030213427236344e-02,9.999533843533968680e-01,4.510626652065249671e-04
-2.793110505375574412e-02,9.997960954387562493e-01,4.513569423692702712e-04
-2.759825764223933567e-02,1.000820243066713688e+00,4.512749390283448173e-04
-2.756932598865645748e-02,1.000660500969160482e+00,4.514241294710038166e-04
-2.729512000431689664e-02,1.000018157667095897e+00,4.512411606304363187e-04
-2.726551966112543413e-02,9.999406214023504047e-01,4.510067822123139079e-04
-2.723634586367318020e-02,9.996043713102510386e-01,4.511601376040702115e-04
-2.690347563475370407e-02,9.997678876672682069e-01,4.510409041794804109e-04
-2.687456679857392478e-02,1.000718194923211124e+00,4.514250696791010666e-04
-2.660034870704086965e-02,1.000321381234998475e+00,4.513051069606174902e-04
-2.657074882951070138e-02,1.000109283820394435e+00,4.510039641061437741e-04
-2.654156385618754860e-02,9.998793617473757944e-01,4.512368313937110791e-04
-2.620870387181641059e-02,9.997573694332998473e-01,4.510414716961728509e-04
-2.617978572241085392e-02,9.998686941139991458e-01,4.512189976208459338e-04
-2.590557694410354495e-02,9.991791272703400839e-01,4.510703086692628141e-04
-2.587597799789597211e-02,9.996782819116334373e-01,4.508159634894879264e-04
-2.584679349023411357e-02,9.996565187120349805e-01,4.512050849085422611e-04
-2.551393443718553630e-02,1.000408237673822587e+00,4.511470436343957883e-04
-2.548501535645741889e-02,9.994263796188793680e-01,4.511012145424096384e-04
-2.521081682269844804e-02,9.994986134967366320e-01,4.510907873836340616e-04
-2.518120670061997288e-02,9.991756669859332973e-01,4.507151732764799398e-04
-2.515202312428067855e-02,1.000622401353891799e+00,4.512963139064194774e-04
-2.481916313990950931e-02,9.994349747760825631e-01,4.510503532835801106e-04
-2.479024592182654807e-02,9.996486140082316840e-01,4.511624207294550877e-04
-2.451604505976112333e-02,9.985766348871191189e-01,4.507987945600128664e-04
-2.448643586900524360e-02,9.994686117807154435e-01,4.508162536177416505e-04
-2.445726486552067536e-02,1.000630030347616772e+00,4.514421645686828239e-04
-2.415381756284218362e-02,9.991620806069710925e-01,4.507209998403119379e-04
-2.412440394982694539e-02,9.992186105433167320e-01,4.509884413651722604e-04
-2.409547555587311304e-02,9.995998197319307943e-01,4.511621277115126041e-04
-2.382127329682383332e-02,9.999965498616811832e-01,4.510074235118607944e-04
-2.379167667892267968e-02,9.994267506718920169e-01,4.507789187991230332e-04
-2.376249403390594608e-02,1.000602084081626320e+00,4.514399822535121822e-04
-2.345905790709835667e-02,9.996260401896885917e-01,4.507556014448517705e-04
-2.342963358387351036e-02,9.996570235097563817e-01,4.511175063084723181e-04
-2.340070612124224222e-02,1.000862374578674219e+00,4.514033422829774210e-04
-2.312650199954780286e-02,9.983311681526370052e-01,4.508585173932933552e-04
-2.309690631296924465e-02,9.996840009912217884e-01,4.508483906119475763e-04
-2.306772413361380877e-02,1.000313784186191324e+00,4.513704104467617935e-04
-2.276428707548362393e-02,1.000736589089979756e+00,4.510242998372339363e-04
-2.273486275225878109e-02,1.000215112033816078e+00,4.513881698441438986e-04
-2.270594739682097254e-02,1.000252589674904158e+00,4.512491043181993448e-04
-2.243173023661047816e-02,1.000955166298828303e+00,4.511687021409980136e-04
-2.240213455003191995e-02,1.000225552670992002e+00,4.509713946482969953e-04
-2.237295376766034252e-02,1.000084654317319632e+00,4.513802798925001594e-04
-2.206951531254629922e-02,9.995897694296623781e-01,4.507574001055889403e-04
-2.204009192064404835e-02,9.997928503482175211e-01,4.511510760345718721e-04
-2.201117796219010173e-02,1.001081731773739492e+00,4.514096734029641425e-04
-2.173697058086665121e-02,1.000441915339417731e+00,4.510152081435169391e-04
-2.170736371841719067e-02,9.997282450302905632e-01,4.509098709392676341e-04
-2.167818293604560978e-02,9.997403217370954831e-01,4.511423261237325908e-04
-2.137474401527027223e-02,9.996780567516199145e-01,4.507908837390496169e-04
-2.134532155469061332e-02,9.998817092405014595e-01,4.511285250937287195e-04
-2.131640759623666670e-02,1.000356070636134520e+00,4.512796296105861743e-04
-2.104219835226806001e-02,1.000494322704556849e+00,4.509434939178896969e-04
-2.101259242114116021e-02,1.001313614843534650e+00,4.512294345107222557e-04
-2.098341303575347247e-02,9.994048417619368907e-01,4.512833598585450036e-04
-2.067997271799427647e-02,9.995939538765367116e-01,4.507740723110002096e-04
-2.065055118873715054e-02,1.000476134267411998e+00,4.512314711973697680e-04
-2.062163769594449816e-02,1.000855817443944362e+00,4.513348455253087432e-04
-2.034742752065332727e-02,9.999507135066271202e-01,4.507681189793236176e-04
-2.031782205518772519e-02,1.000045452947989411e+00,4.509485612235088073e-04
-2.028865431133220626e-02,9.993066215456659629e-01,4.510622112559516551e-04
-1.998520142071824601e-02,1.000236755844377212e+00,4.507950890459514761e-04
-1.995577989146112008e-02,9.997148066671639466e-01,4.510602089932279780e-04
-1.992686732999106314e-02,9.997685871366392973e-01,4.511175114155713066e-04
-1.965265529205473954e-02,9.992802275320076255e-01,4.506372566940598768e-04
-1.962306193378260052e-02,9.997525180735603589e-01,4.508994817079199657e-04
-1.959388441104003772e-02,1.000955259256830931e+00,4.512947904211081019e-04
-1.929044176497441906e-02,9.990359869104771251e-01,4.505658191250301137e-04
-1.926102163270115158e-02,9.991614133566959488e-01,4.509479950548714441e-04
-1.923209789536019232e-02,1.000193991329558107e+00,4.512878811196133926e-04
-1.895788446044000680e-02,9.995207038336346717e-01,4.505892029840176611e-04
-1.892829110216787125e-02,9.990882859977444630e-01,4.508011754781034251e-04
-1.889911357942530498e-02,9.999127151509453748e-01,4.511613430151437945e-04
-1.859567046769838861e-02,9.999448703736126820e-01,4.507546872649405832e-04
-1.856625080108641884e-02,9.997519098053665454e-01,4.512062691343943525e-04
-1.853733917093892611e-02,9.995576575243437789e-01,4.511884521417117567e-04
-1.826312387337358442e-02,9.988966514920295525e-01,4.503986660505719750e-04
-1.823352027055313851e-02,1.000316256766623724e+00,4.510840670577933795e-04
-1.820434367913313645e-02,9.984936839112475981e-01,4.508484881517117650e-04
-1.790089917042236162e-02,9.992157032716283416e-01,4.506071721144435239e-04
-1.787147996947168957e-02,9.983973493084512540e-01,4.509666659831251118e-04
-1.784256927064675410e-02,9.986893019628249046e-01,4.510548175838503338e-04
-1.756835211043629094e-02,9.989638828017011196e-01,4.503720009043265713e-04
-1.753874943893840924e-02,9.999945173411246557e-01,4.509270080898610303e-04
-1.750957331317970142e-02,9.996360005037230323e-01,4.511165411191327872e-04
-1.720612787314633463e-02,9.995971946483245274e-01,4.506060366178489865e-04
-1.717670960351825454e-02,9.996773697903067468e-01,4.511525346649330071e-04
-1.714779937035458557e-02,9.998363926877416041e-01,4.514006503422294181e-04
-1.687358081316026395e-02,9.991971688866807533e-01,4.503875863246119184e-04
-1.684397860732367649e-02,1.000019530442203264e+00,4.509729499048947105e-04
-1.681480341288753289e-02,1.000006596888761257e+00,4.511427846059655640e-04
-1.651135657587033886e-02,9.996971805572566483e-01,4.506469263990915209e-04
-1.648193923756478829e-02,9.996121690622419287e-01,4.512330134987875855e-04
-1.645302947006244826e-02,9.996941854448728737e-01,4.514092622225834373e-04
-1.617880905022293925e-02,9.983749000414885444e-01,4.503155225632663817e-04
-1.614920777570894375e-02,9.993707455478431090e-01,4.507422226726855901e-04
-1.612004422280500018e-02,9.992810829749946278e-01,4.509910526944458991e-04
-1.581658527859431188e-02,9.990332581797346512e-01,4.505014217545515458e-04
-1.578716794028879253e-02,9.998855379434937740e-01,4.512873674714573203e-04
-1.575825956977027972e-02,9.996775431338947859e-01,4.514182501350482877e-04
-1.548404939447911056e-02,9.999287145784001574e-01,4.504556768022284063e-04
-1.545444811996511680e-02,9.994619154882202761e-01,4.509490523790628605e-04
-1.542527432251283165e-02,9.998535455541454064e-01,4.510238976726023159e-04
-1.512182608851174621e-02,9.996100454263586732e-01,4.505695839931896920e-04
-1.509240921586752458e-02,9.991883442951764449e-01,4.509134834845001001e-04
-1.506348966947811119e-02,9.991871724992867909e-01,4.512757575710993905e-04
-1.478927763154181708e-02,9.996420089113903229e-01,4.503485544988417998e-04
-1.475967728835038406e-02,9.989679504263644372e-01,4.507396451917965500e-04
-1.473050349089810064e-02,9.991648008310406448e-01,4.509174213283421214e-04
-1.442705432557445273e-02,9.995685885352761924e-01,4.506210748231172735e-04
-1.439763931557535605e-02,9.995066868696945717e-01,4.509130070945912422e-04
-1.436873141071814096e-02,9.985947856120902522e-01,4.512110823619642813e-04
-1.409450586860449238e-02,9.997970128247831711e-01,4.503316131925973881e-04
-1.406490599107435707e-02,9.995093294765617919e-01,4.508225024742893642e-04
-1.403573312494466561e-02,9.995115393507651991e-01,4.510191888961646465e-04
-1.373228349395972173e-02,9.983252173475436475e-01,4.504156716868957903e-04
-1.367396151042600191e-02,9.995882262557642672e-01,4.513702598212706554e-04
-1.339972292979629657e-02,1.000021735767101960e+00,4.504016246284974303e-04
-1.337013562512089082e-02,9.987899978757516228e-01,4.507267603416504611e-04
-1.334096322465249708e-02,9.989186346787438664e-01,4.509132756192856385e-04
-1.300809765234589403e-02,9.995390914651289815e-01,4.509195424669569172e-04
-1.297919114447253740e-02,9.989752236412894337e-01,4.511175414475478867e-04
-1.267535268631269675e-02,1.000423962906227482e+00,4.510895674893382942e-04
-1.264619285869906205e-02,9.999539097696307222e-01,4.511241110114829508e-04
-1.234272925787549893e-02,1.000075760596224272e+00,4.507893755286642595e-04
-1.231331517919899421e-02,9.995691820370701253e-01,4.509129929115808445e-04
-1.228442124418040009e-02,1.000241410611749426e+00,4.514233351911417741e-04
-1.201019151111514319e-02,9.994561548196803091e-01,4.503016497299673756e-04
-1.198058232035926172e-02,9.987877456029051748e-01,4.508029287651798200e-04
-1.195143413427779584e-02,9.994812876415923864e-01,4.510097474754491491e-04
-1.164795796059947194e-02,9.990402434263990772e-01,4.504628510190797483e-04
-1.161854434758423198e-02,9.995401057460691074e-01,4.509113639270941553e-04
-1.158965134388822982e-02,9.995524263789209440e-01,4.512912778292270041e-04
-1.131541974817784971e-02,9.988480045079476399e-01,4.503096226744929959e-04
-1.128582266461543304e-02,9.991328958539832383e-01,4.508231851854803299e-04
-1.125665212679216251e-02,9.996801071587515519e-01,4.510371980687928649e-04
-1.095319830485564153e-02,9.988582775415646431e-01,4.504286796155988824e-04
-1.092378562316299699e-02,9.997558315684866859e-01,4.509514438883149390e-04
-1.089486980206389420e-02,9.991512815047840501e-01,4.512513228691581737e-04
-1.062064798524052674e-02,9.992393101694897473e-01,4.503684725068521485e-04
-1.059105183300070203e-02,9.992820002761543252e-01,4.507503114329202841e-04
-1.056188176083872748e-02,9.995369507322781066e-01,4.511669659493065679e-04
-1.025842700757961454e-02,1.000156895408839786e+00,4.506615201607277912e-04
-1.022901525720953074e-02,9.999234805002279458e-01,4.509761492145345678e-04
-1.020009990177172567e-02,1.000234544314932306e+00,4.514343764397187129e-04
-9.925876687964529238e-03,9.997580408371689042e-01,4.503587662658204219e-04
-9.896281001385939802e-03,9.991325548156119174e-01,4.507182914214920440e-04
-9.867111860546558949e-03,9.993417744209130982e-01,4.512226196369421632e-04
-9.563655710303585814e-03,9.995225304016829293e-01,4.507731550741050485e-04
-9.534243959933534976e-03,9.989295466111660637e-01,4.506769882202724380e-04
-9.505341643011755437e-03,9.985532856547514324e-01,4.511159600937073152e-04
-9.231104925027204533e-03,9.991847729281955193e-01,4.502520734709269316e-04
-9.201509704109942303e-03,9.990297391864706444e-01,4.506325353992685035e-04
-9.172341494593123923e-03,9.994531433247124674e-01,4.512153808238784903e-04
-8.868883947366292334e-03,9.995834086865150736e-01,4.505965556533187604e-04
-8.839474059641364706e-03,9.992767867828190598e-01,4.507988462443183022e-04
-8.810571742719585167e-03,1.000014055719059991e+00,4.514224072393625007e-04
-8.536344337960813378e-03,9.990881094654088246e-01,4.502569869877376396e-04
-8.506738872495211295e-03,9.984817846578833977e-01,4.504742560082716806e-04
-8.477571128639659406e-03,9.997844701927137701e-01,4.513121272155689082e-04
-8.174113581412859042e-03,9.994202832682153037e-01,4.505505208531661266e-04
-8.144703228026633698e-03,9.992401678015044864e-01,4.508652912621744272e-04
-8.115801842427447857e-03,9.992914287688766661e-01,4.513054687264702247e-04
-7.841573506346082370e-03,9.992416085163711159e-01,4.503243547778195289e-04
-7.811968040880480288e-03,9.987100051003158230e-01,4.505280280516824032e-04
-7.782800762686224380e-03,9.999059310871126760e-01,4.513938995236009164e-04
-7.479341818475534337e-03,1.000127721684056059e+00,4.509290093168339037e-04
-7.449932862073168315e-03,9.996101774253921546e-01,4.509448436254213087e-04
-7.421031942135278454e-03,1.000437491292443193e+00,4.516445251939864053e-04
-7.146801277747460816e-03,9.995045272404041725e-01,4.503086131289549547e-04
-7.117208385136619513e-03,9.993850913764379396e-01,4.506943912894936094e-04
-7.088042038264957302e-03,1.000187274304711327e+00,4.514278587243860459e-04
-6.784583094054267259e-03,9.997013976850217531e-01,4.507589739722223142e-04
-6.755173671990635613e-03,1.001248841498052267e+00,4.513723178599351646e-04
-6.726262041843109919e-03,9.999050103941101719e-01,4.515216272340504813e-04
-6.452029980471464185e-03,1.000121158314222658e+00,4.503783762424982333e-04
-6.422438019183185354e-03,9.991400196855000360e-01,4.506607467993544781e-04
-6.393272137972819992e-03,9.996708005570066335e-01,4.512034566257158187e-04
-6.089810865455676930e-03,9.985142750914717258e-01,4.504669309585592721e-04
-6.060402840375904605e-03,9.991257928133062682e-01,4.507608470585110889e-04
-6.031492141550971742e-03,9.998100595083818654e-01,4.516674180544214814e-04
-5.757258217534139480e-03,9.990887260299539108e-01,4.502134467199644398e-04
-5.727666721907157497e-03,1.000257437282251693e+00,4.508752005655309214e-04
-5.698501772019353741e-03,9.991613672021657511e-01,4.510663727446178532e-04
-5.395040033840945923e-03,9.995371188744160973e-01,4.505647867593952946e-04
-5.365632008761173598e-03,9.983629964797866574e-01,4.506928633647648130e-04
-5.336733417129704664e-03,9.988003176504958169e-01,4.515371606346406906e-04
-5.062498561790310797e-03,9.998709812396855412e-01,4.503826085374845484e-04
-5.032895890292426490e-03,9.993292631924475256e-01,4.506772106630499604e-04
-5.003731406065919582e-03,9.992814597878285632e-01,4.510875643435680515e-04
-4.700268270903652443e-03,9.984334895506565832e-01,4.502648586646356755e-04
-4.641963516837536129e-03,9.994225345190643761e-01,4.516966744105508627e-04
-4.367726333191720468e-03,9.988841989786537701e-01,4.502132143330197372e-04
-4.338125058677694615e-03,9.984085850095485437e-01,4.504842448059027818e-04
-4.308961505773750179e-03,9.986882119225986010e-01,4.509307577841312827e-04
-4.005497439288921435e-03,9.995700442849345668e-01,4.505107908375068581e-04
-3.947193616545397951e-03,9.994316949027047814e-01,4.518084525382645060e-04
-3.672955501576989461e-03,9.988299807686144005e-01,4.508635277910810995e-04
-3.643354227062964041e-03,9.992236570048413924e-01,4.505613970190134069e-04
-3.614191139820316021e-03,9.992361793349218146e-01,4.510460180922870859e-04
-3.310725676351596730e-03,9.996103211715692272e-01,4.505000100242944911e-04
-3.252423716253229416e-03,1.000290182084266011e+00,4.524655277165214539e-04
-2.978183738639665189e-03,9.997124535630844688e-01,4.503273425131696685e-04
-2.948594571319134491e-03,9.998362765469004376e-01,4.507786219739668906e-04
-2.919432415399048943e-03,9.998487331723546756e-01,4.512125990299485721e-04
-2.615966020607767614e-03,9.996036732864104213e-01,4.504405359632887552e-04
-2.283412441363637333e-03,9.994778675886134556e-01,4.501921472597195301e-04
-2.224661583784317935e-03,9.999115852649136382e-01,4.512934601005251880e-04
-1.921195188993036389e-03,9.998697860942189486e-01,4.505500797116644349e-04
-1.862883450007625855e-03,9.996284115424373118e-01,4.529763588290920445e-04
-1.588652319958542376e-03,1.000458590614626164e+00,4.504908359073385785e-04
-1.559052442428375627e-03,9.987829506086061127e-01,4.506298804013654426e-04
-1.529891683492148966e-03,9.987281593903390986e-01,4.510738810806503023e-04
-1.226423891717008533e-03,1.000048480123153949e+00,4.505886591479826993e-04
-1.168125191247655409e-03,9.997410623852275302e-01,4.542115553078409349e-04
-8.938810226825146281e-04,1.000032388163790475e+00,4.504963976249706467e-04
-8.642820764749412511e-04,9.992241607782536006e-01,4.506981037473028768e-04
-8.351213175387143736e-04,9.991618804565076672e-01,4.511637539075469901e-04
-5.316525944409807849e-04,9.992230184499811818e-01,4.504407547899328432e-04
-4.733552909554864397e-04,9.999061963137576559e-01,4.568600142217312822e-04
-1.991087940839246517e-04,9.996182071430171900e-01,4.504744952476214198e-04
-1.695103135376167358e-04,9.994836592983394885e-01,4.507332301346198933e-04
-1.403514172465454048e-04,9.990036351715447793e-01,4.512793092257966752e-04
1.631187028350300494e-04,9.996825891519375284e-01,4.504944863495179640e-04
2.214146093366675672e-04,1.000123379462266815e+00,4.589843596623561128e-04
4.956625031921069180e-04,9.991668428575319894e-01,4.504582738384605768e-04
5.252595867545339914e-04,9.991941952334527643e-01,4.508099431691984897e-04
5.544189487068917899e-04,9.995978490397714467e-01,4.514566264019090032e-04
8.578900001110502079e-04,9.987588123861455003e-01,4.503470829791595439e-04
1.190445907661596969e-03,9.998964145229936040e-01,4.504254660900692750e-04
1.220019242498371348e-03,9.999087848430213699e-01,4.510066759967876248e-04
1.249178138789441839e-03,9.993718150165344927e-01,4.514343980809544456e-04
1.552661297387070150e-03,9.989588550764946229e-01,4.502752779571416049e-04
1.610954409920983604e-03,1.000469956044403697e+00,4.590307828543728269e-04
1.885206029066721634e-03,9.993484199579980576e-01,4.503224422422566660e-04
1.914801715645286784e-03,9.998864027513928443e-01,4.509758827939214037e-04
1.943948039081599966e-03,1.001076253053207799e+00,4.518182117334055919e-04
2.247432594663090200e-03,9.999937853129516885e-01,4.505043161138278310e-04
2.305724310213141514e-03,1.000347115616289972e+00,4.605492005554986251e-04
2.579977326342741684e-03,9.995992719202193566e-01,4.502527992842024073e-04
2.609573012921306834e-03,9.988476608212909502e-01,4.507219764976635556e-04
2.638718405035045400e-03,9.984466395759333812e-01,4.514466890020628559e-04
2.942203891939110250e-03,9.998608574306443453e-01,4.505222779989948847e-04
3.000482568973117381e-03,1.000322554044748014e+00,4.588919188603123359e-04
3.274749089280049041e-03,9.992901887096080626e-01,4.501053387660629052e-04
3.304343844536039576e-03,9.988694569164441317e-01,4.507224463550667574e-04
3.333500412520673528e-03,9.983245793002035740e-01,4.513525301042855251e-04
3.636974723553843426e-03,9.995702883853314624e-01,4.505543992547653533e-04
3.695264110797458201e-03,9.994022859171638462e-01,4.538807616405749206e-04
3.969520386556069091e-03,9.993923349747876328e-01,4.502386367447851483e-04
3.999114676150772318e-03,9.996835283771147163e-01,4.508330442834045104e-04
4.028270778474118963e-03,9.989107969442533319e-01,4.516213621799778266e-04
4.331746020829863042e-03,9.992528872631328829e-01,4.504899695621455654e-04
4.390034011089616328e-03,9.987592697327908331e-01,4.529285607398320199e-04
4.664292149493377317e-03,1.000203436791264444e+00,4.503963435972370769e-04
4.693885973426792368e-03,1.000117159649683840e+00,4.510016636307335102e-04
4.723040678766277090e-03,9.993485851551099364e-01,4.518720600340199369e-04
5.026517318105883092e-03,9.995363758941439025e-01,4.505823381379592458e-04
5.084803911381774455e-03,9.993091982056360179e-01,4.527637135530919541e-04
5.359051805237213806e-03,9.988834699419071317e-01,4.501344518067195702e-04
5.388656339380236936e-03,9.994499114835015963e-01,4.508717170177456196e-04
5.417798937526252523e-03,9.994917580096676080e-01,4.518651449483506019e-04
5.721276973849720449e-03,1.000177173869015945e+00,4.507982172541561013e-04
5.779573811673933449e-03,9.995205752902479590e-01,4.527718585882547250e-04
6.053823568174521164e-03,9.993252843756236237e-01,4.502112544317447189e-04
6.083415529462787852e-03,9.986487191769313210e-01,4.507438120247130725e-04
6.112569769140985265e-03,9.995903937909774717e-01,4.519015587390502482e-04
6.416048736787027806e-03,9.990257566639683118e-01,4.506395802765870550e-04
6.445444654673337936e-03,1.000485994741807216e+00,4.517214811557032053e-04
6.474343711966090709e-03,9.992994144774206555e-01,4.527872168086442394e-04
6.748594865450541214e-03,9.997979329706804252e-01,4.502915588572148613e-04
6.778186361077520594e-03,9.991692004487405798e-01,4.508515672070244557e-04
6.807340135094430700e-03,9.984989322934035849e-01,4.518709568926457362e-04
7.110820034063047856e-03,9.996640172166659788e-01,4.507622322899770806e-04
7.140215020626784238e-03,9.999911736681443841e-01,4.516403453496250966e-04
7.169102436387353450e-03,9.995513717689944455e-01,4.526312052733030724e-04
7.443366628387848571e-03,9.990982913020151068e-01,4.500855980166507098e-04
7.472958124014827085e-03,9.993077385847606298e-01,4.508640843596356355e-04
7.805591331339067906e-03,9.992307354528727759e-01,4.506488420088275155e-04
7.834985852241516113e-03,9.993272358332114802e-01,4.515426643936999219e-04
7.863871871018224269e-03,9.995942840545535280e-01,4.525310098123169690e-04
8.138137925663868621e-03,9.984715602326429407e-01,4.500295669605417306e-04
8.167728489968273387e-03,9.989637110222161498e-01,4.508361223434410197e-04
8.196880401340034261e-03,9.997267370455006352e-01,4.523378976432749533e-04
8.500362162953800649e-03,9.990659652430270432e-01,4.505838560110882445e-04
8.529756218194961548e-03,9.993755063899000257e-01,4.515756687803425327e-04
8.558642236971669703e-03,9.991142023806268702e-01,4.522959020095575601e-04
8.832898047068993286e-03,9.993874144289763839e-01,4.502423907520521377e-04
8.862499321583006129e-03,9.988062336622093307e-01,4.508341143301217049e-04
8.891650767293479696e-03,1.000633707866833921e+00,4.526037889475810830e-04
9.195133460229820699e-03,9.999604532367554199e-01,4.506710585217831044e-04
9.224527049809696025e-03,9.998126113768361911e-01,4.516210302593186830e-04
9.253412137263827830e-03,9.990243075387559291e-01,4.522132900891768842e-04
9.527670275667587951e-03,9.995924110177306643e-01,4.502825241642708894e-04
9.557269687536451563e-03,9.999901661449384083e-01,4.511507735506624784e-04
9.586409026053455129e-03,9.995955385395176584e-01,4.526619010362425066e-04
9.889893115973658055e-03,1.000031835042643813e+00,4.506737939401801599e-04
9.919296950101852417e-03,9.994875384455174094e-01,4.516364746748828931e-04
9.948182037555985957e-03,9.993922231991250182e-01,4.524315830830058613e-04
1.022244110728232069e-02,9.992912844383655679e-01,4.502130698305908344e-04
1.025202934328028892e-02,9.991259542095087820e-01,4.510570503728849961e-04
1.028117892634561326e-02,9.989964090649162687e-01,4.527457176413521083e-04
1.058466441324967811e-02,1.000077999811400886e+00,4.507627426545912576e-04
1.061406824737787247e-02,9.986363459987945834e-01,4.515503345117308134e-04
1.064295193784814408e-02,1.000339583525558851e+00,4.525895356563452206e-04
1.091721333588091536e-02,9.986152085007445889e-01,4.500882039261213416e-04
1.094680064055630897e-02,1.000647865915334167e+00,4.514614337562601371e-04
1.097595022362163331e-02,9.993422618277145730e-01,4.526102805135036929e-04
1.127943571052569816e-02,9.996413767223177871e-01,4.507034174589798171e-04
1.130882697179913521e-02,9.996437592069374878e-01,4.517773328362410389e-04
1.133772183814030221e-02,9.991580158525201760e-01,4.522263868935745405e-04
1.161198416749564810e-02,1.000133870595901753e+00,4.503962178942251125e-04
1.164157147217104171e-02,9.999143443939978448e-01,4.514468533417581369e-04
1.167072012391379143e-02,9.990050347266477004e-01,4.525835253191984060e-04
1.197420700780171821e-02,1.000441213749620140e+00,4.508745775342338493e-04
1.200359733775258064e-02,9.992941808805826387e-01,4.517778294575692469e-04
1.230674475456206007e-02,9.986215804084274117e-01,4.501485266644939041e-04
1.233634276944706176e-02,9.992190609060185302e-01,4.513130658456552700e-04
1.236549048986723687e-02,9.995258274985332481e-01,4.530684339585317540e-04
1.266897830507773826e-02,9.991935083686132035e-01,4.506200109001618956e-04
1.269836816936731339e-02,9.997019680167548161e-01,4.529395284265161077e-04
1.300151605183808012e-02,9.996535863599932403e-01,4.504692044764658696e-04
1.303111313540050546e-02,9.997054231505924093e-01,4.515240865769858916e-04
1.306026039015939499e-02,9.995554391380598869e-01,4.529750807723512021e-04
1.336374913669247100e-02,1.000160188629878766e+00,4.508013254746887273e-04
1.339313853532075882e-02,1.000213431928302477e+00,4.548444176875722847e-04
1.369628781477538748e-02,9.993688487311157553e-01,4.504126433352031132e-04
1.372588443267652551e-02,1.001062617095347163e+00,4.519406766144861321e-04
1.375501958024194504e-02,9.985207709029408907e-01,4.524744708416581613e-04
1.405850879243630835e-02,9.989412523755557549e-01,4.506248480811182993e-04
1.408790890127420425e-02,9.998813197882479020e-01,4.532369637473940998e-04
1.439105911205140753e-02,9.986897378035479722e-01,4.502870680860360025e-04
1.442064362275907556e-02,1.001029040861788566e+00,4.518848938202718103e-04
1.475328008971232840e-02,9.990841585691361271e-01,4.507216082929465682e-04
1.478267973288893700e-02,9.989896559974856816e-01,4.523058745828577006e-04
1.508583087498871489e-02,1.000274899689864938e+00,4.506450916557702192e-04
1.511541445437381004e-02,1.000914651839777791e+00,4.518533978419905783e-04
1.514455984648754860e-02,1.000463938396934482e+00,4.526325797388168612e-04
1.544806302852052941e-02,9.997260015940530042e-01,4.509204055102194780e-04
1.547743892297148705e-02,9.990205732176438147e-01,4.523203719700993951e-04
1.578060263792602225e-02,1.000895141420511614e+00,4.508227985573107460e-04
1.581018528598854278e-02,9.984620445803493727e-01,4.514047961136468247e-04
1.583932974677970673e-02,1.000075123104511965e+00,4.526953439387325037e-04
1.614283432579655120e-02,1.000070945211791296e+00,4.510091345602115971e-04
1.617220928892493248e-02,1.000104917555399320e+00,4.523778830866375159e-04
1.647537393520204230e-02,1.000194025318629665e+00,4.506774083040727030e-04
1.650496775913545822e-02,9.998514558587217049e-01,4.518975054013972059e-04
1.653410057839443947e-02,9.993720418763533120e-01,4.520228457977651620e-04
1.683760562307257125e-02,9.990089092580746177e-01,4.509141490655278381e-04
1.686698012053966522e-02,9.998044319485391851e-01,4.524058028949871110e-04
1.717014569813934965e-02,9.993509012879502329e-01,4.504508126187966059e-04
1.719973905641147827e-02,9.992351387226940940e-01,4.521360463555293961e-04
1.722887001302531029e-02,1.000341180009831188e+00,4.523208817246958933e-04
1.753237645468730399e-02,9.995015997927273466e-01,4.510154652218855689e-04
1.756176212802529335e-02,9.996572876469683733e-01,4.524620047738280265e-04
1.786491699541536970e-02,9.994596004016840229e-01,4.503926147572957762e-04
1.789450988802621101e-02,9.991768233835309765e-01,4.523412718837717199e-04
1.792365248617222573e-02,9.997720162418229917e-01,4.522227328552491502e-04
1.822713657609242865e-02,1.000115050706063657e+00,4.511897729709436603e-04
1.825653249397873878e-02,9.985105959435405243e-01,4.525117745255912913e-04
1.855968875835267706e-02,9.992582326551918692e-01,4.502666996694324191e-04
1.858926907810876106e-02,1.000144951774408542e+00,4.525172541823573903e-04
1.892190740770716140e-02,9.996657691395084422e-01,4.512924469444500931e-04
1.895130332559347153e-02,9.997277010786576046e-01,4.538653443250250004e-04
1.925446005562869711e-02,9.991989482116806487e-01,4.502828717997802441e-04
1.928403990972349380e-02,9.993726087163281591e-01,4.521045325052498493e-04
1.961667963630575259e-02,1.000410855237457985e+00,4.517600509797463555e-04
1.964606205001473427e-02,9.998277607193292171e-01,4.542823743778329594e-04
1.967494900011401704e-02,1.000352729477217872e+00,4.518947616322342166e-04
1.994922017703382178e-02,9.992174268367893797e-01,4.503528927556135221e-04
1.997881074133822654e-02,9.996058014892039711e-01,4.519818033649014122e-04
2.031145000225920150e-02,9.994168376504523055e-01,4.515392800190550231e-04
2.034083288162946701e-02,1.000840574542170458e+00,4.530787201163836118e-04
2.036970772453527978e-02,9.991502160493397344e-01,4.516146289467271946e-04
2.064399147430984183e-02,9.998207052883338886e-01,4.505100577721767399e-04
2.067358203861424659e-02,1.000056927684646491e+00,4.521137142758086111e-04
2.100622176519650885e-02,9.996781200366180453e-01,4.515896650608672877e-04
2.103560371324420322e-02,1.000051063280758212e+00,4.526477344687500110e-04
2.106447715916614713e-02,1.000060437801518320e+00,4.517234838500563867e-04
2.133876323724714918e-02,9.994054643544253436e-01,4.504608735213337916e-04
2.136835240456769203e-02,1.000374792126163648e+00,4.524803255179698429e-04
2.170099213114995429e-02,9.996576498076452655e-01,4.515318934214194980e-04
2.173037407919764519e-02,9.988351765094596324e-01,4.525703706626613295e-04
2.175924705945830873e-02,9.996239653624607868e-01,4.516336433647886398e-04
2.203353453452316923e-02,9.983880010518696446e-01,4.502199756235845452e-04
2.206312323618242477e-02,1.000059381584200047e+00,4.526693553914090088e-04
2.242514444515109062e-02,9.999646336929562951e-01,4.525041615769278386e-04
2.245401695975046685e-02,1.000431507754201865e+00,4.519804764397902276e-04
2.272830676312176390e-02,9.992046909393238474e-01,4.505077241285556765e-04
2.275788289192626213e-02,9.998965607166906411e-01,4.525019880511482869e-04
2.278702083345940377e-02,9.996870969694250375e-01,4.518705627806668987e-04
2.309052308416981170e-02,9.991693841886177818e-01,4.514886434676835397e-04
2.314878686004262498e-02,9.998328827812682507e-01,4.516004506663759345e-04
2.342306595320431395e-02,1.000629007802886994e+00,4.507985011384234319e-04
2.345265372354099487e-02,1.000240692725102409e+00,4.527485662501038225e-04
2.348179119941284920e-02,1.001059503056731748e+00,4.521003447321582228e-04
2.378529484710711905e-02,1.000639137253530153e+00,4.520798566643494088e-04
2.381468564271926880e-02,9.999653876328293833e-01,4.521084145221831280e-04
2.384355676033478311e-02,9.993271318700014394e-01,4.514368059634442506e-04
2.411783818180290861e-02,9.996097692282709390e-01,4.506671547198042699e-04
2.414742502081701492e-02,1.000388395195846103e+00,4.525505987669708693e-04
2.417656109970500733e-02,1.000780558297356126e+00,4.519261155923295003e-04
2.448006567872185180e-02,1.000173321972834373e+00,4.524298516691198997e-04
2.450944483280181885e-02,1.000082355026654213e+00,4.520469949344927047e-04
2.453831501909475854e-02,1.000474167317292995e+00,4.515997484587050176e-04
2.481260901341764483e-02,1.000466802420825418e+00,4.508829002602237333e-04
2.484219492110917651e-02,9.990197691519183687e-01,4.522779443066691075e-04
2.487133146565845276e-02,1.000536491080866064e+00,4.517855053023107480e-04
2.517483697599787185e-02,1.000836970057948916e+00,4.547790629271656389e-04
2.520421473309397697e-02,9.993318953121292925e-01,4.518469918523305702e-04
2.523308491938691667e-02,9.995122652524812690e-01,4.513622988274546628e-04
2.550738170767752333e-02,1.000504965274780167e+00,4.509013538072274103e-04
2.553696668404648040e-02,1.000107129578898579e+00,4.524161372943023645e-04
2.556610183161189473e-02,1.000486668412957414e+00,4.517543334307861399e-04
2.586960780761260459e-02,9.994678852308781503e-01,4.539214362945547172e-04
2.589898603036999702e-02,9.999074025396263998e-01,4.518600407743399053e-04
2.592785481967907479e-02,9.996914082788285194e-01,4.512907294792213022e-04
2.620215207363096876e-02,1.000119389415792259e+00,4.508302085080090273e-04
2.623173704999992584e-02,9.999431762388739653e-01,4.522182652140729247e-04
2.626087219756534363e-02,9.999945200908354481e-01,4.516172267684669291e-04
2.656436792901772925e-02,9.996064039066522300e-01,4.527459411786435416e-04
2.659375593066215515e-02,1.000265038127967410e+00,4.518964083341160025e-04
2.662262471997123292e-02,1.000952971822874904e+00,4.515411424483233385e-04
2.689691266069738074e-02,9.995113176388005227e-01,4.507563659053039594e-04
2.692649670574376319e-02,9.990410590887334186e-01,4.522246149582863730e-04
2.695563045632531907e-02,1.000139537798452771e+00,4.517193537790982504e-04
2.725913969195503314e-02,9.990961748626758787e-01,4.520936804174109820e-04
2.728852676227688789e-02,9.998427985100311055e-01,4.517339608960636789e-04
2.731739462026338758e-02,9.991639165656613919e-01,4.511724641868265729e-04
2.759168442363468809e-02,9.998659938464720121e-01,4.510754882989795387e-04
2.762126707169720863e-02,9.996997687018308598e-01,4.520343213313412849e-04
2.765040082227876450e-02,9.995438858669344340e-01,4.516697087836404781e-04
2.795391052356976935e-02,1.000572023801699739e+00,4.523242843504014484e-04
2.798329712823033680e-02,1.000455341645244189e+00,4.518494481689628141e-04
2.801216452055554917e-02,1.000378818703084871e+00,4.514393148588211838e-04
2.831603836897322868e-02,9.999274097000299122e-01,4.520618503657198640e-04
2.834517118823220994e-02,9.997687846228532349e-01,4.515739422768786835e-04
2.867805631831288338e-02,1.001011692219436533e+00,4.519345339247952996e-04
2.870692371063809922e-02,1.000021855761105138e+00,4.512878087100981599e-04
2.898122748384801550e-02,1.000556641446537443e+00,4.514795176674437607e-04
2.901080873492667411e-02,9.993985666230554843e-01,4.519825088256333983e-04
2.903994108852436806e-02,9.989948224053636361e-01,4.513251209234852342e-04
2.934346429399270484e-02,1.000589477562149332e+00,4.522985379165263297e-04
2.937282714992761612e-02,1.000518003723627425e+00,4.518519514046870963e-04
2.940169267960768273e-02,1.000639198172476263e+00,4.514703391198649873e-04
2.967599878112403555e-02,9.993625450952159373e-01,4.512800598593153423e-04
2.970558049786398147e-02,1.000902561375428101e+00,4.521660372997343669e-04
2.973471098881652619e-02,9.985872999664555660e-01,4.511866339932890332e-04
3.003822394973654220e-02,1.000395770504025172e+00,4.522822726009850022e-04
3.006759751588106155e-02,9.992796734133250203e-01,4.515368370157782428e-04
3.009646304556112817e-02,1.000204421831549562e+00,4.514620580376735933e-04
3.037077054406134291e-02,1.000146285847205441e+00,4.517068023207891940e-04
3.040035086381742691e-02,9.997569813016162765e-01,4.518371568603972476e-04
3.042948182043125893e-02,9.994987164432139748e-01,4.513051844227658396e-04
3.073298407114166686e-02,1.000425747793372899e+00,4.522096070971990301e-04
3.076236788183450699e-02,9.997158272937155532e-01,4.515626033678690385e-04
3.079123294585328630e-02,1.000497861978902892e+00,4.515174477709502760e-04
3.106554184133736296e-02,1.000173443260256700e+00,4.513102451346177510e-04
3.109511051956126426e-02,1.000464051538346499e+00,4.518703930743353373e-04
3.112425172072341706e-02,9.998986520809212131e-01,4.513360654196046191e-04
3.142776607862729499e-02,1.000054221367972840e+00,4.520328571143818002e-04
3.145713871344923973e-02,9.997285850443528021e-01,4.515913263662959609e-04
3.148600284614544442e-02,1.000433683373846971e+00,4.515689700471679281e-04
3.176031406993595763e-02,1.000399665306054287e+00,4.514809200458623386e-04
3.178989252704689239e-02,1.000563855276953573e+00,4.519244426823744594e-04
3.212253784156460235e-02,1.000424128743635066e+00,4.519990861470160278e-04
3.215192072093486786e-02,1.000004449189902722e+00,4.515698310370176022e-04
3.218077274643760255e-02,9.999405004515020678e-01,4.515713131550570651e-04
3.245508490155069037e-02,9.995223702303827062e-01,4.514834533914145005e-04
3.248466382432291244e-02,1.001111276294516683e+00,4.518675826565462226e-04
3.251379245263030793e-02,9.998584986849086143e-01,4.512670975602126088e-04
3.284667991101741791e-02,1.000213276708092902e+00,4.521478394393716577e-04
3.287553100519757798e-02,9.991547247177742230e-01,4.511975244916530407e-04
3.314985666448799773e-02,1.000239034614994527e+00,4.517253472820962983e-04
3.317943419027635787e-02,9.997024344631587622e-01,4.516066776507327951e-04
3.320856235292246605e-02,9.988702150333537144e-01,4.510747224283112220e-04
3.354145027697086334e-02,9.998578569526679338e-01,4.515350358681997738e-04
3.357031254702191880e-02,9.989870656276008676e-01,4.511266957987924878e-04
3.384461632023183508e-02,9.994636995230340437e-01,4.518598108125750513e-04
3.387420595321366523e-02,9.995952715895891627e-01,4.515461720400807386e-04
3.390333271887591149e-02,9.994438706434555231e-01,4.511646332171142062e-04
3.423622064292430878e-02,9.996442543120477309e-01,4.513858579768738485e-04
3.426508244731407693e-02,1.000000884096563292e+00,4.512814513527563763e-04
3.453938808316914244e-02,9.994577609845611832e-01,4.521179811136440845e-04
3.456897585350582336e-02,9.992961307284228267e-01,4.514098495578539711e-04
3.459810308482935692e-02,1.000168655953451502e+00,4.512910103760611074e-04
3.493099194020032883e-02,1.000113725172810497e+00,4.514498967023435972e-04
3.495985234760623506e-02,9.987354229391972593e-01,4.511003342272727171e-04
3.523415891478387518e-02,9.996148658064610837e-01,4.522581987180899761e-04
3.526373550924966072e-02,9.997923921350736487e-01,4.515263766277300881e-04
3.529287345078280236e-02,9.998679880346307280e-01,4.512380428746802247e-04
3.562576184049248695e-02,9.999264463256116731e-01,4.513204457615786996e-04
3.565462224789839318e-02,1.000066644536351967e+00,4.513429670755913494e-04
3.592893067772118254e-02,9.991230163507708317e-01,4.519689585606554588e-04
3.595850634086440040e-02,1.000452193754589603e+00,4.515648981632394221e-04
3.598763217520406510e-02,1.000193643355518525e+00,4.513247010387601548e-04
3.632053220644593239e-02,1.000392344876111173e+00,4.513634053725953357e-04
3.634939168252926400e-02,9.998624333811304554e-01,4.514208372798802051e-04
3.662370244065848990e-02,9.991563787528892071e-01,4.523625529545428209e-04
3.665327763814042045e-02,9.982470952217762372e-01,4.512595009821884296e-04
3.668240254115751053e-02,1.001208984300629989e+00,4.515244093434825812e-04
3.704415040695052674e-02,9.986377058552319275e-01,4.513612875282157588e-04
3.731846256206361456e-02,1.000782897374342895e+00,4.525260253851513077e-04
3.734804846975514625e-02,1.000107301712254149e+00,4.513817706322357528e-04
3.737717244144966866e-02,1.000741506031604944e+00,4.514925578086567476e-04
3.771006176248192787e-02,9.993382324340729372e-01,4.509893085370471496e-04
3.773892030724268487e-02,9.997799196364450802e-01,4.514191121634470371e-04
3.801323432500092886e-02,1.000408804333765556e+00,4.521729670203308697e-04
3.804281930136987899e-02,9.995738653953374353e-01,4.512070776127570602e-04
3.807194280740311410e-02,9.999255659519943329e-01,4.512887779430033034e-04
3.840483259409666061e-02,9.992745612838777047e-01,4.509891570773788831e-04
3.843369020753484300e-02,9.994609104168783453e-01,4.517615304052734811e-04
3.870800515661565466e-02,9.995687096305962971e-01,4.516567615178151019e-04
3.873759013298461173e-02,9.992050571235543410e-01,4.510813130492482398e-04
3.876671363901784684e-02,1.000283415513256724e+00,4.512801763804822979e-04
3.909960296005010605e-02,9.998987412271861386e-01,4.511341100266099010e-04
3.912846010782700112e-02,1.000592195069885282e+00,4.518492427157365507e-04
3.940277738521424933e-02,1.000167592639855885e+00,4.515878032805921470e-04
3.943236096459934448e-02,9.994850187760079274e-01,4.510766139318564860e-04
3.946148307364871766e-02,1.000563945037934888e+00,4.514697919520182568e-04
3.979437332600355148e-02,1.000335280479807798e+00,4.511828327801097418e-04
3.982323000811915925e-02,9.996338706159693110e-01,4.517464560922367263e-04
4.009754821682898901e-02,9.999956882193843377e-01,4.515151460235373266e-04
4.012712015468189453e-02,1.000812210667892943e+00,4.512566277194891579e-04
4.015624179806998040e-02,9.998395557081959373e-01,4.514308917574444782e-04
4.048914369195699692e-02,1.000776627464037505e+00,4.512654530443606631e-04
4.051799990841131738e-02,9.991145019778718828e-01,4.514193441110671105e-04
4.079232044542757674e-02,1.000334803808928363e+00,4.515683396520864148e-04
4.082189098629662727e-02,9.998730825090835772e-01,4.510925225535659532e-04
4.085101216402342583e-02,9.999352896135096369e-01,4.513569505681314033e-04
4.118390334770083427e-02,9.998473439380376471e-01,4.510704683858558469e-04
4.121275863283258012e-02,9.996018874122742925e-01,4.512624400449455407e-04
4.148707963551012678e-02,1.000184927292027348e+00,4.514612627396497589e-04
4.151666181791136001e-02,1.000056860155371208e+00,4.510876325597115602e-04
4.154578206431558396e-02,1.000025300371774728e+00,4.512712493066849389e-04
4.187867371365427971e-02,1.000041987921712172e+00,4.511418967329657243e-04
4.190752806746345094e-02,1.001410027215632770e+00,4.515792723654908592e-04
4.218185186410872145e-02,1.000042540597555485e+00,4.513550775585945473e-04
4.221143264952609275e-02,9.999278481135709384e-01,4.510281270164382935e-04
4.224055243026902939e-02,9.994463207992719811e-01,4.511715706075033528e-04
4.257344454526901245e-02,1.000270779587999037e+00,4.511658516878022684e-04
4.260229796775560906e-02,1.000745694849213496e+00,4.514290648429162374e-04
4.287662269572345419e-02,9.994685967097536317e-01,4.511271543872588424e-04
4.290620348114082550e-02,9.995162248975196784e-01,4.509844563554928141e-04
4.293532279622247483e-02,9.994880108609714986e-01,4.511644732272924682e-04
4.326821491122245789e-02,9.995139879633109237e-01,4.510335969439023930e-04
4.329706740238647988e-02,9.997978551433972516e-01,4.511581708082165894e-04
4.357139492432204886e-02,9.997495258168087595e-01,4.510967436188907534e-04
4.360097431275555824e-02,9.996848572381306086e-01,4.508840544242178738e-04
4.363009269651463296e-02,9.995410441517282862e-01,4.510884578093624022e-04
4.396298527717590332e-02,9.987228272185068034e-01,4.508794881751471205e-04
4.399183776833992532e-02,1.000109531054893974e+00,4.512741758297017535e-04
4.426616575593678160e-02,9.990916818828262658e-01,4.508926715726700252e-04
4.429573396849939559e-02,1.000614374026433939e+00,4.511122539811209518e-04
4.432486306246807145e-02,1.000242601907799456e+00,4.513812525380662987e-04
4.462838487095255324e-02,9.993281080823860352e-01,4.508045270485093437e-04
4.465775610879063606e-02,1.000038548743990896e+00,4.511198079924250170e-04
4.468660766863208345e-02,1.000245639680194643e+00,4.512844151386176395e-04
4.496092634300319357e-02,9.998909016815555884e-01,4.509922053218032279e-04
4.499050480011412834e-02,9.999501500131555698e-01,4.509630406242240625e-04
4.501962178688934113e-02,1.000011350314644165e+00,4.514126284741874534e-04
4.532315570256728599e-02,1.000158436326566536e+00,4.509279279656022558e-04
4.535251483321189880e-02,1.000385898262495132e+00,4.511823359681010545e-04
4.538137756892423463e-02,9.989098191801490945e-01,4.510825539905522191e-04
4.565570881615010901e-02,9.996677635321946642e-01,4.509305798888323135e-04
4.568527516606757377e-02,9.998658196360880046e-01,4.509367619250616516e-04
4.571439168718150620e-02,9.998335893986914913e-01,4.512875507722681565e-04
4.601793864137548873e-02,9.994691304125161713e-01,4.508316544788049259e-04
4.604728566482663155e-02,9.992758239471442039e-01,4.509683916115374649e-04
4.607613536202292970e-02,9.993576011865408226e-01,4.511093628462236552e-04
4.635048104474870367e-02,1.000202890702557745e+00,4.510162197721493110e-04
4.638005810487577651e-02,1.000237289772323290e+00,4.511741670024374735e-04
4.640916251879623200e-02,1.000045871207162262e+00,4.512748989004961280e-04
4.671270993865150878e-02,1.000785500898192515e+00,4.510740426748664463e-04
4.674206813797354698e-02,1.000097485513137485e+00,4.511292204414993475e-04
4.677090572797637513e-02,9.992534107252900588e-01,4.510723403180679500e-04
4.704525187636343642e-02,9.995915958909091792e-01,4.508303483598528915e-04
4.707482893649050926e-02,1.001104158244619846e+00,4.512108816055940947e-04
4.710393195342710976e-02,1.000669129707334459e+00,4.513252221211566792e-04
4.740746959439534614e-02,1.000688695338150191e+00,4.510407056993835781e-04
4.743683803826570511e-02,1.000035404386009796e+00,4.512244540540680682e-04
4.746567562826853326e-02,9.997020078808491750e-01,4.511257977836495548e-04
4.774002410496203108e-02,1.000250144877169678e+00,4.509058540848477474e-04
4.776959930244395469e-02,1.001120772460268205e+00,4.511463881228566417e-04
4.779871396091273095e-02,1.000060953363806515e+00,4.511903347569279831e-04
4.810224042601007888e-02,1.000297676228766752e+00,4.509340192788947811e-04
4.813160886988044479e-02,1.000382147938922328e+00,4.513228085168532262e-04
4.816045717009287408e-02,9.999418004576610119e-01,4.511315013478750676e-04
4.843479493657676382e-02,1.000236868497571985e+00,4.515541601403070008e-04
4.846435895818779205e-02,1.000529485305927446e+00,4.510300392200091812e-04
4.849348432686617638e-02,9.998615746028636231e-01,4.511442242399331566e-04
4.879701172328609893e-02,1.000008773589710964e+00,4.507467875496164742e-04
4.882637970149517059e-02,9.991391093026041892e-01,4.509854104868632431e-04
4.885522660472374490e-02,9.998541666977559528e-01,4.511742398203967097e-04
4.912955552364317580e-02,9.991652341425011352e-01,4.505507536481551415e-04
4.915913025546381210e-02,1.000066956442672073e+00,4.509726277720009458e-04
4.918824305128743912e-02,9.993629015015207395e-01,4.509106062536879893e-04
4.949178302056211898e-02,9.994995259222789752e-01,4.506783414434005551e-04
4.952114960178732872e-02,9.994935520950155583e-01,4.509981338933988443e-04
4.954999697067719033e-02,9.996902064020610768e-01,4.511931592588894029e-04
4.982432682091919585e-02,9.995361789796264329e-01,4.506150505835842721e-04
4.985390108707854484e-02,1.000248575540832574e+00,4.510185144586879142e-04
4.988301295157959725e-02,1.000065591957035371e+00,4.511682950744388423e-04
5.018655431783813903e-02,1.000397083394551023e+00,4.508464155260900170e-04
5.021590879186987877e-02,1.000582617671648800e+00,4.513362293598502752e-04
5.024475476377587846e-02,9.997504976816956601e-01,4.512750899348597490e-04
5.051909811819521590e-02,1.000219076885796810e+00,4.506888359103886836e-04
5.054867191869327758e-02,9.995490437888056023e-01,4.508671952726805445e-04
5.057778378319433693e-02,1.000556327948801671e+00,4.512570487668855421e-04
5.088132468379158446e-02,9.999694266552437982e-01,4.507531295125071359e-04
5.091067915782332420e-02,9.986429092634557803e-01,4.509596798531848331e-04
5.093952512972932389e-02,9.995368959183210666e-01,4.512466356426134508e-04
5.121386988113252325e-02,1.001181944488924724e+00,4.508022755602949442e-04
5.124344275030800339e-02,1.000677011135767014e+00,4.510384426638068826e-04
5.127255368348648812e-02,9.999174386884414067e-01,4.511428983640643165e-04
5.157608480519670913e-02,1.000139197385571554e+00,4.507855833844007796e-04
5.160544952377676964e-02,1.000185788761275729e+00,4.512713279395995174e-04
5.163429456436019471e-02,1.000766261895050802e+00,4.514793952262873174e-04
5.190864164406983061e-02,9.996425361080082395e-01,4.504923954639411987e-04
5.193821404758403731e-02,1.000172283183611510e+00,4.510407757821571469e-04
5.196732404943993355e-02,1.000112503297859057e+00,4.511844017959835106e-04
5.227085656813401648e-02,9.999532511159399117e-01,4.507651583355930616e-04
5.230022035539150238e-02,1.000289174739587894e+00,4.512331622031827915e-04
5.232906493031364015e-02,1.000235740770526238e+00,4.515036129165469602e-04
5.260340129981366797e-02,1.000378733129205999e+00,4.506188987241505073e-04
5.263297277200529312e-02,9.999131486484075237e-01,4.509203350044110924e-04
5.266209394973209168e-02,1.000109584242530714e+00,4.511299469849172237e-04
5.296562739974874923e-02,9.997915963325867406e-01,4.507593325563692818e-04
5.299499072134494781e-02,9.997965492682647781e-01,4.510542466242158360e-04
5.302383436494451097e-02,9.998255599588807829e-01,4.514332877197055902e-04
5.329817259708968802e-02,9.998967193169550072e-01,4.504858532255790371e-04
5.332774360362002586e-02,1.000058095956857240e+00,4.510663229565240124e-04
5.335685267415335442e-02,1.001049030634281856e+00,4.512684578403175820e-04
5.366039869702476928e-02,1.001116845748395878e+00,4.510347494111601407e-04
5.368976108729839325e-02,9.994340508618380081e-01,4.509772840965143551e-04
5.371860426523666909e-02,1.000161569004962558e+00,4.514553783998305329e-04
5.399294436002698844e-02,1.000744734393721691e+00,4.505887164110913964e-04
5.402251443523475860e-02,9.992754684289453238e-01,4.507975017413245545e-04
5.405162257444551255e-02,9.998746888454688175e-01,4.510809455997578086e-04
5.435516952863950202e-02,9.997284559930148529e-01,4.507964156913379038e-04
5.438452074304222367e-02,9.997898129249982446e-01,4.509905637764893773e-04
5.441336252399664453e-02,9.993735540651658145e-01,4.512924290775487211e-04
5.468771565730300849e-02,9.999598943361913683e-01,4.504353770357963620e-04
5.471728573251077865e-02,1.000052401961580406e+00,4.509542019544169407e-04
5.474639294039895798e-02,9.993769412851009060e-01,4.511350583061482359e-04
5.504994129157680938e-02,9.990637216027798972e-01,4.507652905200425913e-04
5.507929064333438873e-02,1.000136217079264034e+00,4.510861988539282890e-04
5.510813242428880265e-02,1.000509248646811677e+00,4.514393195341907588e-04
5.538248695457902854e-02,9.998770160229372150e-01,4.504499291449394374e-04
5.541205609846422409e-02,1.000593941303896450e+00,4.510985937952389818e-04
5.544116284069111611e-02,9.999750841505586907e-01,4.511268971215076054e-04
5.574470048165935943e-02,1.000643679302023914e+00,4.509988003148998354e-04
5.577406147494912148e-02,1.000750626644218766e+00,4.512296229214303521e-04
5.580290232458096078e-02,1.000771034848838559e+00,4.515192663849811831e-04
5.607724754164544745e-02,9.999162028199077845e-01,4.504397467586456578e-04
5.610682693007895683e-02,1.000726056093525163e+00,4.511269741813081491e-04
5.613593413796713616e-02,1.001640775676727602e+00,4.514900298562243472e-04
5.643947177893537948e-02,9.996442301104472294e-01,4.507245645665162613e-04
5.646883184090256691e-02,1.001238086159529583e+00,4.513218617287801000e-04
5.649767222487311197e-02,1.000816892476894093e+00,4.515577619300807145e-04
5.677201837326018019e-02,1.000365672276332552e+00,4.505316905549022147e-04
5.680158612016150688e-02,9.990156012971037613e-01,4.507875555181086922e-04
5.683070310693671967e-02,1.000224868655419819e+00,4.511815320917539470e-04
5.713424261055011222e-02,9.999557598909565304e-01,4.507790253921128390e-04
5.716360267251729965e-02,9.995253893925231115e-01,4.509709124706158577e-04
5.719244212516527703e-02,9.995344267771533175e-01,4.513516821736506392e-04
5.746679060185877486e-02,1.000320436174659378e+00,4.505113498020595617e-04
5.749635695177623962e-02,1.000742253606404342e+00,4.511518151678986272e-04
5.752546229701926278e-02,1.000101935705734135e+00,4.512323185436708573e-04
5.782901437348741958e-02,1.000486117127864727e+00,4.508208081722423952e-04
5.785837257280945084e-02,9.995520337678396317e-01,4.509473149743316550e-04
5.788721202545743516e-02,9.999923869955713585e-01,4.514341855596583656e-04
5.816156189913479491e-02,1.000716990541959062e+00,4.506324420258929573e-04
5.819112824905225967e-02,1.000260719357990657e+00,4.510058789316712959e-04
5.822023219731142785e-02,9.998694517848260022e-01,4.513187037689231611e-04
5.852378473944086501e-02,1.000236317270027042e+00,4.508050829250975387e-04
5.855313176289200783e-02,9.991912609040802806e-01,4.508764356837846338e-04
5.858197028421741059e-02,9.997772509957474352e-01,4.513630077512161541e-04
5.885633412773339651e-02,9.997227696151861354e-01,4.504160580713181317e-04
5.888589861500570510e-02,1.000101116893355790e+00,4.509405522059929975e-04
5.891500256326488022e-02,1.000932278031799294e+00,4.515812723345522602e-04
5.921855650237817237e-02,9.997249643737811109e-01,4.508663850677000731e-04
5.924790212884545326e-02,9.990594644141822522e-01,4.507330872691649669e-04
5.927674065017085603e-02,9.998130002504272973e-01,4.513782583685489410e-04
5.955110495934812231e-02,1.000978888568113678e+00,4.506683035936142668e-04
5.958066991228172515e-02,1.000799175923567041e+00,4.510128581050717382e-04
5.960977292921831872e-02,9.998758061859854829e-01,4.512988976751673687e-04
5.991331569246072242e-02,9.997920484314398726e-01,4.506933832075381871e-04
5.994267296046018600e-02,1.001047103623981194e+00,4.512307729062439991e-04
5.997150961914043954e-02,9.995835641680637096e-01,4.514216237990065087e-04
6.024587672228543661e-02,1.000702172383242106e+00,4.506692160415110742e-04
6.027544027823517059e-02,1.000395449134811710e+00,4.509219023349411563e-04
6.030454282951048378e-02,9.998720933618492346e-01,4.513024939281114613e-04
6.060809909693021247e-02,1.000277579199909894e+00,4.507199444789902212e-04
6.063744286075234413e-02,1.000565223462499320e+00,4.511576975937174822e-04
6.066629162662606767e-02,9.997364492163481886e-01,4.514958071114618114e-04
6.094064801956145666e-02,1.000063313192161241e+00,4.505558243967162555e-04
6.097021157551119064e-02,9.989505816273528405e-01,4.506676704091809962e-04
6.099931366112520958e-02,1.000881428196641387e+00,4.514913876922612064e-04
6.130286946288366484e-02,1.000407784141496004e+00,4.508664395419567216e-04
6.133221415802836418e-02,9.993523122104247536e-01,4.509294336418759124e-04
6.136104895406346849e-02,1.000029364576578095e+00,4.516654767921639301e-04
6.163541978249875708e-02,9.993515312384647631e-01,4.503208246322407322e-04
6.166498194146463607e-02,1.000496759359878363e+00,4.509566231564583164e-04
6.169407098856261040e-02,1.001220758825828838e+00,4.515290146342829276e-04
6.199764122582096526e-02,1.000009132882162310e+00,4.508574694633139097e-04
6.202699569985271194e-02,1.000193417507024396e+00,4.510804991551799420e-04
6.205581978567820123e-02,9.995128697403764528e-01,4.516235576249189054e-04
6.233019107977477713e-02,9.998498230845942469e-01,4.503265724659190946e-04
6.235975370440193649e-02,1.000354837719649836e+00,4.509476775240930805e-04
6.238885392737081315e-02,1.001016535652940798e+00,4.514625298124750555e-04
6.269241205743569800e-02,1.001170753037558869e+00,4.511079129599819895e-04
6.272175488993525505e-02,1.000181185339635848e+00,4.510863952706184389e-04
6.275058922030907205e-02,9.997172792780064654e-01,4.518089243023725907e-04
6.302496237705079718e-02,1.000141874197366665e+00,4.504859066997625059e-04
6.305452360469410156e-02,1.000313827661595267e+00,4.509120781789161220e-04
6.308362382766297127e-02,1.000973333640019725e+00,4.514615826188561609e-04
6.338718382037300536e-02,9.996228455549507341e-01,4.506835629535675051e-04
6.341652525588870049e-02,9.997612314349282325e-01,4.510581224191488234e-04
6.344536005192380479e-02,1.000086754303198600e+00,4.519952531979281305e-04
6.371972249845592184e-02,1.000142028413268713e+00,4.504716268221903752e-04
6.374929490197012161e-02,1.000531867020540977e+00,4.509643205784755909e-04
6.377839372795512940e-02,9.998039954870311385e-01,4.512705838267938021e-04
6.408195418632645080e-02,1.001259393955649557e+00,4.509391640601537817e-04
6.411129608750343323e-02,9.988600492159310784e-01,4.508780191420062736e-04
6.414012948655467561e-02,1.000800863814281128e+00,4.524360263154808982e-04
6.441449379573194189e-02,9.998032039005122495e-01,4.512713222648563442e-04
6.444406573358485435e-02,1.000078377219695946e+00,4.508622868258920923e-04
6.447316409390857483e-02,1.000843242666803912e+00,4.514335615953461267e-04
6.477671430773157546e-02,9.994991781604906089e-01,4.506060277559034667e-04
6.480606598779559135e-02,1.000230200061768659e+00,4.511350859548185900e-04
6.483489938684683374e-02,1.000986984900773535e+00,4.533486024437002426e-04
6.510926602433053656e-02,9.996164825655280417e-01,4.503662007957130145e-04
6.513882492366740440e-02,1.000117075700733826e+00,4.508338997441196884e-04
6.516793399420073296e-02,9.997398251050834128e-01,4.511877373773110411e-04
6.547148560500759551e-02,1.000239024661976783e+00,4.506891313057410681e-04
6.550083728507161140e-02,9.996828371129208302e-01,4.511098466394922310e-04
6.552966928713899186e-02,1.000985083950308052e+00,4.555910075829816422e-04
6.580403685594526930e-02,9.996934861502383418e-01,4.503435883139423972e-04
6.583359528962084983e-02,9.999032827688547620e-01,4.508498608487340048e-04
6.586269271862199570e-02,1.000597365899851265e+00,4.514300566058999866e-04
6.616625643662232825e-02,9.989137515609035622e-01,4.503858813837331742e-04
6.619560811668634415e-02,1.000099082303190778e+00,4.512428295238088828e-04
6.649880815322128935e-02,1.000461947065120150e+00,4.504895155623031794e-04
6.652836658689686988e-02,9.999511245376179192e-01,4.509061390256529104e-04
6.655746308457544114e-02,9.993840896608937596e-01,4.512191501317553257e-04
6.686102773389834830e-02,1.000323510455071174e+00,4.507624763868822585e-04
6.691919698052983811e-02,1.001368030175165735e+00,4.609813968960954265e-04
6.719357991615859671e-02,1.000778317165328168e+00,4.506014036942682988e-04
6.722313695285031532e-02,9.999963670327591814e-01,4.510823449068015805e-04
6.725223298486759926e-02,9.998029791433306057e-01,4.513746571922907049e-04
6.755579903117436835e-02,9.996808426066362552e-01,4.506123824656046799e-04
6.788833957190243407e-02,9.997427729197571056e-01,4.504592995800472434e-04
6.791790825012633537e-02,9.998517483075294310e-01,4.509091453165727285e-04
6.794700288515975739e-02,1.000141840513779634e+00,4.514158084733306954e-04
6.825057032845038840e-02,1.000252717913372003e+00,4.507333607432571342e-04
6.830873678111415437e-02,1.000731332335478285e+00,4.758577380493139329e-04
6.858311133483974142e-02,9.998457786912393619e-01,4.504581928859998589e-04
6.861267861607978080e-02,9.999207286596978328e-01,4.510050951317406292e-04
6.864177371677449013e-02,9.994146349786181549e-01,4.514264646410681855e-04
6.894532951853293845e-02,9.999897678002991341e-01,4.506516521110144309e-04
6.900350668140631250e-02,1.000093218667683859e+00,5.042061093631329061e-04
6.927788309777704878e-02,9.995774409914508496e-01,4.503630363304334644e-04
6.930743827182361816e-02,9.999424129566609754e-01,4.511413453294738475e-04
6.933654408272793557e-02,1.000556018282926285e+00,4.516294203772686891e-04
6.964010081580895850e-02,1.000639507889027557e+00,4.508336578796152440e-04
6.997265439505306883e-02,9.999256077580309654e-01,4.503938770631089840e-04
7.000220910343835090e-02,9.997359513658836683e-01,4.511074692615827872e-04
7.003131444868138100e-02,1.000712420855714990e+00,4.516805221050773102e-04
