#time,flux,flux_err
2.459968016734779812e+06,1.001945475782743289e+00,7.785931857826553773e-04
2.459968017371679191e+06,1.002071978936383223e+00,7.787751478670130100e-04
2.459968018008590676e+06,1.002122993656532346e+00,7.788732428771445249e-04
2.459968018645490054e+06,1.001374005099825881e+00,7.786704133284157343e-04
2.459968019282401539e+06,1.000952557358664174e+00,7.785434856671749095e-04
2.459968019919301383e+06,1.001353388697172608e+00,7.787559756555983113e-04
2.459968020556200296e+06,1.001020349836665213e+00,7.787012635197722169e-04
2.459968021193111781e+06,1.000686050969810781e+00,7.786522792397891808e-04
2.459968021830011159e+06,1.001049520658396919e+00,7.788674746465673116e-04
2.459968022466922179e+06,1.000817691979473123e+00,7.788307399985893104e-04
2.459968023103822023e+06,1.001424962230388793e+00,7.791234997673820474e-04
2.459968023740732577e+06,1.001032748233171343e+00,7.790473513928166966e-04
2.459968024377632421e+06,1.001119354572600484e+00,7.791570877899593782e-04
2.459968025014543906e+06,1.000307403145603180e+00,7.789238015809705953e-04
2.459968025651443284e+06,1.000523644374077259e+00,7.790827944482856459e-04
2.459968026288354769e+06,1.000178825012101091e+00,7.790139354322153610e-04
2.459968026925254147e+06,1.000589599427821552e+00,7.792421336722217063e-04
2.459968027562165167e+06,1.000408408226755697e+00,7.792377789306083888e-04
2.459968028199065011e+06,1.000474237642479558e+00,7.793230059479186499e-04
2.459968028835964389e+06,1.000641123313098291e+00,7.794388080415663028e-04
2.459968029472875874e+06,1.001055910167718999e+00,7.796616685908926798e-04
2.459968030109774787e+06,1.000662543649578184e+00,7.795587653599988674e-04
2.459968030746685807e+06,1.000678175784415647e+00,7.796188067999436280e-04
2.459968031383585650e+06,1.000682539689195849e+00,7.796946577844586761e-04
2.459968032020496670e+06,1.000480570015246151e+00,7.796993968282250279e-04
2.459968032657396514e+06,1.000070496759869920e+00,7.795706833454231531e-04
2.459968033294307534e+06,9.998768121165788614e-01,7.795004467556318657e-04
2.459968033931206912e+06,1.000250548994086275e+00,7.796469906960717781e-04
2.459968034568118397e+06,9.997736779311861000e-01,7.794970877910386339e-04
2.459968035205018241e+06,1.000180192627734499e+00,7.796869318789056676e-04
2.459968035841929261e+06,1.000589356235329852e+00,7.798447353421576311e-04
2.459968036478828173e+06,9.998701500763952366e-01,7.795775141371969483e-04
2.459968037115728017e+06,9.999373932702445567e-01,7.795286031258771842e-04
2.459968037752639037e+06,1.001048407676145890e+00,7.800361454116211228e-04
2.459968038389538880e+06,1.001700665050877070e+00,7.804678639234994371e-04
2.459968039026449900e+06,1.001275004683641834e+00,7.810170316395126855e-04
2.459968039663349278e+06,1.001107958413019805e+00,7.827323248407791262e-04
2.459968040300260764e+06,1.001646718346557385e+00,7.867067388806535735e-04
2.459968040937160142e+06,1.001349406097084227e+00,7.929759053122792606e-04
2.459968041574071627e+06,1.001570319196295245e+00,8.008328973082157057e-04
2.459968058133598417e+06,1.000476673873196942e+00,7.845622313447270539e-04
2.459968058770497795e+06,1.000699385949893161e+00,7.836139392875188106e-04
2.459968059407408815e+06,1.000278099039358271e+00,7.827258774173941232e-04
2.459968060044308659e+06,1.000883731875451543e+00,7.825706241320998539e-04
2.459968060681220144e+06,1.001070256551067850e+00,7.823954033698818410e-04
2.459968061318119522e+06,1.001321547575238391e+00,7.822145546623302144e-04
2.459968061955018435e+06,1.001306113465074032e+00,7.817211764911109837e-04
2.459968062591929920e+06,1.001490418051928177e+00,7.812468488477683146e-04
2.459968063228829298e+06,1.000772696526100791e+00,7.803792536240036250e-04
2.459968063865740784e+06,1.000905875987975868e+00,7.798673592318229510e-04
2.459968064502640162e+06,1.000596394184507076e+00,7.792598397947617540e-04
2.459968065139551181e+06,1.000599391099028734e+00,7.787372636869799606e-04
2.459968065776451025e+06,1.000647860130886357e+00,7.783741724377826656e-04
2.459968066413361579e+06,1.000696433714917344e+00,7.780613953371880382e-04
2.459968067050261423e+06,1.000376399015103113e+00,7.776778399890025640e-04
2.459968067687172908e+06,1.000087947250942300e+00,7.773716405651766477e-04
2.459968068324071821e+06,9.999270120762201453e-01,7.771282315425643954e-04
2.459968068960983306e+06,1.000241757137443566e+00,7.771415656630044659e-04
2.459968069597883150e+06,1.000201753666537074e+00,7.770640267454866296e-04
2.459968070234782062e+06,1.000263661403294702e+00,7.770426492090544944e-04
2.459968070871693548e+06,1.000380330005278706e+00,7.770432038933088601e-04
2.459968071508592926e+06,1.000330996884799983e+00,7.770372046275959626e-04
2.459968072145503946e+06,1.000285418518151337e+00,7.770036706997777943e-04
2.459968072782403789e+06,1.000166991946070505e+00,7.769798211210189598e-04
2.459968073419314809e+06,1.000360944524237405e+00,7.770628500442837905e-04
2.459968074056214187e+06,1.000199971755115547e+00,7.770030225827870545e-04
2.459968074693125207e+06,1.000177116078143413e+00,7.770307635414467088e-04
2.459968075330024585e+06,1.000244812604580424e+00,7.771043833075592282e-04
2.459968075966936070e+06,9.999914773222410291e-01,7.770372611548042241e-04
2.459968076603835914e+06,1.000451841367899108e+00,7.772123166151920703e-04
2.459968077240734827e+06,1.000224767177532392e+00,7.772079446428882456e-04
2.459968077877645846e+06,1.002777324016445260e+00,7.782126898813221220e-04
2.459968078514545690e+06,1.000789354063796432e+00,7.774800555922225468e-04
2.459968079151456710e+06,1.000858724702867075e+00,7.775694572168132196e-04
2.459968079788356554e+06,1.000689692940830877e+00,7.775567339203450640e-04
2.459968080425267108e+06,1.000877787884580705e+00,7.776866860875520943e-04
2.459968081062166486e+06,1.000981881101669080e+00,7.778042989049289068e-04
2.459968081699077971e+06,1.000732508942636656e+00,7.777421145605280511e-04
2.459968082335977349e+06,1.000168144552701088e+00,7.776150239042838811e-04
2.459968082972888835e+06,1.000455711900001043e+00,7.777766153470997606e-04
2.459968083609788213e+06,1.001171278424387356e+00,7.781295796710812262e-04
2.459968084246687125e+06,1.001503705119495491e+00,7.783036412017718458e-04
2.459968084883598611e+06,1.001760161972433005e+00,7.784841477369917710e-04
2.459968085520497989e+06,1.002100287319111382e+00,7.787183814250110084e-04
2.459968086157409474e+06,1.001848003455602321e+00,7.786805333051303275e-04
2.459968086794308852e+06,1.002117845031673671e+00,7.788892972738771210e-04
2.459968087431231048e+06,1.001331158721386894e+00,7.786774241597786694e-04
2.459968088068119250e+06,1.001287057607755049e+00,7.786668524656676239e-04
2.459968088705030270e+06,1.000956314516253221e+00,7.786049667708938235e-04
2.459968089341930114e+06,1.000304771418059735e+00,7.783988195291212386e-04
2.459968089978841599e+06,1.000960017510890587e+00,7.787398955962752814e-04
2.459968090615740046e+06,1.000959894781758397e+00,7.788532591548328254e-04
2.459968091252651531e+06,1.000428471767102812e+00,7.787554717764218638e-04
2.459968091889551375e+06,1.000428079921024116e+00,7.788148876294273852e-04
2.459968092526450753e+06,1.000704371163565698e+00,7.789889087633598006e-04
2.459968093163361773e+06,1.000723062870435998e+00,7.790240902747296546e-04
2.459968093800261151e+06,1.000962225029853769e+00,7.791556076554329328e-04
2.459968094437172171e+06,1.000460356200762346e+00,7.790411837999287924e-04
2.459968095074072015e+06,1.000637258066850555e+00,7.791790538415353578e-04
2.459968095710983034e+06,9.999826464299482742e-01,7.790093527556439176e-04
2.459968096347882412e+06,1.000682268561789767e+00,7.793057036351711724e-04
2.459968096984805074e+06,1.000231191430087430e+00,7.792330863843448252e-04
2.459968097621704452e+06,1.000945035981657849e+00,7.795327319672940578e-04
2.459968098258615937e+06,1.000670138825024980e+00,7.794858737443060822e-04
2.459968098895514850e+06,1.000306123886103959e+00,7.794253464441192004e-04
2.459968099532426335e+06,1.001038231547027868e+00,7.797723509678626021e-04
2.459968100169325713e+06,1.000085750250462091e+00,7.794691608727818662e-04
2.459968100806225091e+06,1.000511328355606189e+00,7.796731235674850616e-04
2.459968101443136577e+06,1.000343119310141971e+00,7.796414374214115633e-04
2.459968102080035955e+06,9.996402342950881925e-01,7.794085931954633333e-04
2.459968102716946974e+06,9.998503179539165453e-01,7.795489224689081424e-04
2.459968103353846353e+06,1.000372624942586608e+00,7.797764855170415382e-04
2.459968103990757372e+06,1.000735964807805356e+00,7.799401553098725100e-04
2.459968104627656750e+06,9.999100383657307800e-01,7.796311667987840168e-04
2.459968105264568236e+06,1.000142340657857343e+00,7.796994350788270410e-04
2.459968105901467614e+06,1.000588862929597589e+00,7.797993961120613026e-04
2.459968106538378634e+06,1.001129402532474844e+00,7.800424009346931028e-04
2.459968107175278012e+06,1.001219697137302189e+00,7.801702919151216930e-04
2.459968107812177390e+06,1.001322455760252028e+00,7.806990206589685009e-04
2.459968108449088875e+06,1.001176184113519607e+00,7.817950196484216210e-04
2.459968109085988253e+06,1.001446611968894063e+00,7.843722330318408714e-04
2.459968109722898807e+06,1.001807255870295288e+00,7.894340188452141169e-04
2.459968110359798651e+06,1.001529889896872083e+00,7.971759315780141755e-04
2.459968126282424200e+06,9.997156593549247905e-01,7.854186775590474637e-04
2.459968126919324044e+06,1.000183982532429239e+00,7.844180722903449851e-04
2.459968127556235529e+06,9.999690653833386289e-01,7.833950909452853635e-04
2.459968128193134908e+06,1.000289884373004590e+00,7.827917129399902677e-04
2.459968128830033820e+06,1.000469136674187576e+00,7.823086821688208939e-04
2.459968129466945305e+06,1.000928937953100784e+00,7.818908810881351062e-04
2.459968130103844684e+06,1.001085295137593478e+00,7.814090259189851104e-04
2.459968130740755703e+06,1.001550274236808979e+00,7.811962719507498489e-04
2.459968131377655081e+06,1.001333479691516093e+00,7.807806838301237272e-04
2.459968132014566101e+06,1.001028324447872597e+00,7.803134145257889466e-04
2.459968132651465945e+06,1.000636475419715232e+00,7.797597715416533602e-04
2.459968133288376499e+06,1.002306611830807714e+00,7.798994525761601638e-04
2.459968133925276343e+06,1.000940848166769426e+00,7.788863381423405266e-04
2.459968134562187828e+06,1.000186354927420807e+00,7.781543163776221024e-04
2.459968135199086275e+06,1.000364115606711790e+00,7.778867647415039404e-04
2.459968135835986119e+06,1.000320332931716516e+00,7.775924960451574422e-04
2.459968136472897604e+06,1.000457355678646465e+00,7.774667915577690783e-04
2.459968137109796517e+06,1.000218877000423223e+00,7.772246943701896808e-04
2.459968137746708002e+06,1.000196726337618136e+00,7.770897712979266906e-04
2.459968138383607380e+06,1.000175953395907369e+00,7.770240551078018594e-04
2.459968139020518400e+06,9.999871771605579607e-01,7.769180528833216680e-04
2.459968139657417778e+06,1.000119883278706157e+00,7.769729519553226355e-04
2.459968140294328798e+06,1.000132453048900416e+00,7.769564514847882280e-04
2.459968140931228641e+06,1.000284286763855945e+00,7.769890958586410769e-04
2.459968141568127554e+06,1.000066757730243783e+00,7.769317955166964813e-04
2.459968142205038574e+06,1.000276001010686588e+00,7.770358681499033417e-04
2.459968142841938417e+06,1.000523169646276633e+00,7.771213187055388228e-04
2.459968143478848971e+06,9.998986513156070677e-01,7.769201017948937577e-04
2.459968144115748815e+06,1.000197927157420619e+00,7.770841536676957985e-04
2.459968144752659835e+06,9.998588900391016665e-01,7.769846452083451795e-04
2.459968145389558747e+06,9.999411781079833306e-01,7.770249612804336911e-04
2.459968146026470233e+06,9.999866737552176588e-01,7.771022392369945821e-04
2.459968146663370077e+06,9.997198072108584022e-01,7.770454967435231307e-04
2.459968147300280631e+06,1.000547046257495465e+00,7.773867530732864834e-04
2.459968147937180009e+06,1.000538293332544182e+00,7.774417537775692513e-04
2.459968148574079853e+06,1.000573653629236670e+00,7.775087964012594981e-04
2.459968149210990407e+06,1.000308886838875422e+00,7.774619838227365097e-04
2.459968149847890250e+06,1.000610003288617156e+00,7.775056939826741195e-04
2.459968150484801270e+06,1.000505122154640825e+00,7.776798980798583973e-04
2.459968151121700183e+06,1.000372761815630174e+00,7.776974547345395653e-04
2.459968151758611668e+06,1.000532547926989091e+00,7.778287328640824021e-04
2.459968152395511046e+06,1.000540092684265359e+00,7.778775618681349783e-04
2.459968153032422066e+06,1.000729865948303487e+00,7.780071710221407241e-04
2.459968153669321444e+06,1.001864257663156899e+00,7.785165914460838790e-04
2.459968154306220822e+06,1.001778417777988706e+00,7.785933461167229060e-04
2.459968154943131842e+06,1.001676234301891677e+00,7.786542111771028660e-04
2.459968155580031686e+06,1.002064622217173406e+00,7.788774853684973234e-04
2.459968156216942705e+06,1.001746698620401110e+00,7.788517712332489228e-04
2.459968156853841618e+06,1.001109263560656215e+00,7.786698585133981299e-04
2.459968157490752637e+06,1.001217034399703110e+00,7.788160507352560489e-04
2.459968158127652481e+06,1.000980051974137641e+00,7.788363931183633643e-04
2.459968158764563501e+06,1.000809651486484153e+00,7.788043108814082013e-04
2.459968159401462879e+06,1.001215035941641407e+00,7.789603232697666236e-04
2.459968160038374364e+06,1.000666765354109033e+00,7.788293707662750833e-04
2.459968160675273277e+06,1.000573315588795920e+00,7.788323858042659484e-04
2.459968161312172655e+06,1.000203676873951064e+00,7.787666803269031749e-04
2.459968161949084140e+06,1.000757126243461359e+00,7.790200639948115712e-04
2.459968162585983519e+06,9.998737189388636759e-01,7.787700392201018021e-04
2.459968163222894538e+06,9.999838506290811280e-01,7.788517393862835368e-04
2.459968163859793916e+06,1.000896366587777475e+00,7.792726244980694838e-04
2.459968164496704470e+06,1.000586841731706311e+00,7.792420329792652377e-04
2.459968165133604314e+06,9.998294692436789921e-01,7.789126695147474471e-04
2.459968165770515334e+06,1.000112638044567515e+00,7.791913920655829488e-04
2.459968166407414712e+06,1.000674120704053038e+00,7.794496024305460789e-04
2.459968167044325732e+06,1.000557427535172517e+00,7.794630106135598232e-04
2.459968167681224644e+06,1.001130927297950279e+00,7.797501335199148037e-04
2.459968168318124488e+06,1.000543191674465815e+00,7.795835859544379990e-04
2.459968168955035973e+06,1.000094452772973597e+00,7.794992656663736778e-04
2.459968169591934886e+06,1.000136170518258760e+00,7.795425666480600016e-04
2.459968170228845906e+06,9.996626340640036856e-01,7.793597748273299857e-04
2.459968170865745749e+06,9.997334292038497772e-01,7.794479575634260735e-04
2.459968171502656303e+06,9.992822651009857227e-01,7.793294772612639754e-04
2.459968172139556147e+06,1.000097390276573517e+00,7.796584342597174004e-04
2.459968172776466701e+06,9.994377489876569154e-01,7.794357185869712655e-04
2.459968173413366079e+06,9.998476705200061154e-01,7.795645518448828925e-04
2.459968174050265923e+06,1.000241676230996246e+00,7.796558436775200733e-04
2.459968174687176477e+06,1.000639031743857599e+00,7.798034258654280198e-04
2.459968175324076321e+06,1.001305828744808224e+00,7.801006859044613091e-04
2.459968175960986875e+06,1.001341551421230935e+00,7.803497845893779018e-04
2.459968176597886253e+06,1.001015164951895464e+00,7.807408962506091378e-04
2.459968177234797738e+06,1.001401213325223249e+00,7.819764905139816279e-04
2.459968177871697117e+06,1.001058669020401970e+00,7.850117751164606633e-04
2.459968178508608136e+06,1.001277369396495809e+00,7.903227221663837541e-04
2.459968179145507514e+06,1.001358621556336148e+00,7.988418832749876602e-04
2.459968195068120025e+06,9.999092859663872845e-01,7.853526934640388084e-04
2.459968195705031045e+06,9.997257526286255080e-01,7.843639102583565897e-04
2.459968196341930889e+06,1.000081888774101646e+00,7.836729853981442813e-04
2.459968196978841443e+06,1.000280781378256822e+00,7.829391997728203222e-04
2.459968197615741286e+06,1.000406655497162012e+00,7.821479677779201575e-04
2.459968198252640199e+06,1.000880529823476417e+00,7.816397505555834927e-04
2.459968198889551219e+06,1.000762962160916869e+00,7.811586736666004810e-04
2.459968199526450597e+06,1.000857110315159337e+00,7.808348656148359932e-04
2.459968200163362082e+06,1.001477110284283434e+00,7.806017983851607335e-04
2.459968200800261460e+06,1.000920818936587242e+00,7.798096432935094045e-04
2.459968201437172014e+06,1.000938720355982303e+00,7.793235328031158145e-04
2.459968202074071858e+06,1.000318071301282030e+00,7.786999376050423183e-04
2.459968202710982412e+06,1.000121759938192412e+00,7.783407844349975136e-04
2.459968203347882256e+06,1.000559967009899243e+00,7.782425565800547840e-04
2.459968203984792810e+06,1.000064807629431618e+00,7.777780500318765564e-04
2.459968204621692188e+06,1.000168712413261218e+00,7.775364406783274920e-04
2.459968205258591566e+06,9.998888085049955077e-01,7.772279561195938888e-04
2.459968205895502586e+06,9.998927918062482378e-01,7.770579325393808367e-04
2.459968206532402430e+06,1.000130835209143143e+00,7.770268166411884803e-04
2.459968207169313449e+06,1.000140367761459759e+00,7.769774414180375234e-04
2.459968207806212828e+06,9.998775785655826809e-01,7.768690562048914542e-04
2.459968208443123382e+06,1.000035444312361355e+00,7.769347209178382964e-04
2.459968209080023225e+06,1.000639067012574435e+00,7.771498445310276665e-04
2.459968209716933779e+06,9.997467026139931212e-01,7.767919269280463461e-04
2.459968210353833623e+06,1.000329731315630966e+00,7.770484819560908316e-04
2.459968210990732536e+06,1.000308277483229258e+00,7.770504449992229586e-04
2.459968211627643555e+06,9.998651679009498139e-01,7.768901072128553712e-04
2.459968212264543399e+06,1.000334147427335507e+00,7.770968629880629702e-04
2.459968212901453953e+06,9.998630439734379483e-01,7.769561413682954127e-04
2.459968213538353797e+06,1.000239211409652329e+00,7.771492272230530723e-04
2.459968214175264351e+06,9.992271433306472161e-01,7.767629489561491893e-04
2.459968214812163729e+06,9.999593188458740789e-01,7.770879920928846054e-04
2.459968215449063107e+06,9.998444200101600510e-01,7.770948603743116009e-04
2.459968216085974593e+06,9.996340231257647702e-01,7.770309578021624038e-04
2.459968216722873505e+06,1.000683594700545465e+00,7.774740647863824256e-04
2.459968217359784525e+06,1.000632218930429307e+00,7.775339592621381040e-04
2.459968217996683903e+06,1.000865636717498175e+00,7.776684455474085602e-04
2.459968218633594923e+06,1.000135045817763801e+00,7.774423020169915358e-04
2.459968219270494301e+06,1.001249249381511941e+00,7.779777002592469732e-04
2.459968219907405321e+06,1.000494947196849393e+00,7.777476220898310024e-04
2.459968220544304233e+06,1.000302063235686267e+00,7.777405339007206894e-04
2.459968221181204077e+06,1.000413152255795080e+00,7.778383072158414051e-04
2.459968221818114631e+06,1.001329363293321562e+00,7.782154675637150288e-04
2.459968222455014475e+06,1.002169613115164504e+00,7.786372946886016382e-04
2.459968223091925494e+06,1.001887570416179818e+00,7.786194131690759180e-04
2.459968223728824407e+06,1.001641970276978322e+00,7.785987477513695324e-04
2.459968224365735892e+06,1.001292433984542596e+00,7.785669679383333932e-04
2.459968225002634805e+06,1.001077917917397198e+00,7.785552264489102982e-04
2.459968225639546290e+06,1.001043618909257971e+00,7.785732795441953694e-04
2.459968226276445668e+06,1.000947683766149288e+00,7.786482576123789686e-04
2.459968226913356222e+06,1.000558289569016823e+00,7.785304239716924314e-04
2.459968227550255600e+06,1.000581220363168322e+00,7.786309193380661683e-04
2.459968228187155444e+06,1.000919218824629864e+00,7.788308859249073231e-04
2.459968228824065998e+06,1.001257816895428476e+00,7.790228304357846821e-04
2.459968229460965842e+06,1.000074798944338594e+00,7.786218533696966961e-04
2.459968230097876396e+06,1.000247092037497953e+00,7.787677991355906881e-04
2.459968230734775774e+06,1.000044680556160470e+00,7.787405904197669928e-04
2.459968231371686794e+06,1.000332378332190908e+00,7.789313776071807261e-04
2.459968232008586172e+06,1.000127667057719272e+00,7.789290497820316149e-04
2.459968232645497192e+06,1.000018706761901521e+00,7.789452725070930257e-04
2.459968233282396570e+06,1.000129114678096176e+00,7.790757049257216946e-04
2.459968233919295482e+06,1.000254874336065969e+00,7.791586093062104765e-04
2.459968234556206968e+06,1.000037941472768255e+00,7.791689771929857138e-04
2.459968235193106346e+06,1.000575962577166855e+00,7.794321335192008369e-04
2.459968235830017366e+06,1.000592366773436215e+00,7.794843891167858776e-04
2.459968236466916278e+06,1.001179410778446632e+00,7.798031896924038486e-04
2.459968237103827298e+06,9.999418297338716899e-01,7.793968475626071373e-04
2.459968237740726676e+06,1.000054964744219843e+00,7.795018236473638977e-04
2.459968238377638161e+06,9.997791418402605101e-01,7.794184034938855853e-04
2.459968239014537074e+06,9.997277085666644858e-01,7.793988612827431987e-04
2.459968239651436452e+06,9.999464515520679608e-01,7.795415121906904910e-04
2.459968240288347472e+06,9.998046425660950254e-01,7.794920936663756643e-04
2.459968240925246850e+06,1.000106522876862414e+00,7.796293330903377545e-04
2.459968241562157869e+06,9.999482507250718744e-01,7.795695196940547475e-04
2.459968242199057247e+06,1.000001415274210936e+00,7.795738304372994230e-04
2.459968242835967802e+06,9.999494464979375996e-01,7.795164470754046464e-04
2.459968243472867645e+06,1.001161373203961924e+00,7.799708846165473875e-04
2.459968244109778199e+06,1.001509252372795533e+00,7.802491780197773081e-04
2.459968244746677577e+06,1.001055451006802377e+00,7.803299058671281244e-04
2.459968245383576956e+06,1.000850182991753323e+00,7.809038227668236394e-04
2.459968246020487510e+06,1.001374198727596587e+00,7.821989146129112395e-04
2.459968263853808865e+06,9.998083672188003979e-01,7.852774697135913966e-04
2.459968264490719885e+06,9.995776554928831326e-01,7.842655119106277384e-04
2.459968265127618797e+06,1.000195785529494064e+00,7.835647862299773307e-04
2.459968265764529817e+06,9.995683534541278670e-01,7.829390496354470853e-04
2.459968266401429661e+06,1.000689520496669260e+00,7.823261804736829448e-04
2.459968267038340215e+06,1.000525134006548189e+00,7.817910032606960715e-04
2.459968267675239593e+06,1.001078508683539425e+00,7.815584171940397453e-04
2.459968268312138971e+06,1.001224590564833816e+00,7.811007124341344315e-04
2.459968268949049991e+06,1.000639556077388415e+00,7.803690464845971456e-04
2.459968269585949369e+06,1.000723462406770459e+00,7.799075137917846562e-04
2.459968270222859923e+06,9.999440635058700622e-01,7.792276633800312036e-04
2.459968270859759301e+06,1.001472631041028460e+00,7.826499633190283408e-04
2.459968271496670321e+06,1.000310722016755971e+00,7.783950660237306217e-04
2.459968272133569699e+06,1.000199723235182692e+00,7.780871972332951319e-04
2.459968272770480718e+06,1.000216944774483974e+00,7.778798880944130974e-04
2.459968273407391738e+06,9.995449707801201678e-01,7.773745864959030055e-04
2.459968274044279009e+06,1.000144742964125477e+00,7.773071886917420036e-04
2.459968274681190029e+06,9.999639729876400596e-01,7.770701740141269321e-04
2.459968275318089407e+06,1.000263123292261858e+00,7.770821249475455940e-04
2.459968275955000427e+06,1.000171987125324513e+00,7.769906302407677493e-04
2.459968276591900270e+06,1.000335398626876371e+00,7.770225764470123451e-04
2.459968277228810824e+06,9.996502277583307894e-01,7.768324988696466340e-04
2.459968277865709737e+06,9.997660986159068175e-01,7.772474235306083782e-04
2.459968278502609581e+06,1.000076224692942217e+00,7.769232349541978092e-04
2.459968279139520135e+06,1.000327706008201867e+00,7.770264925137643610e-04
2.459968279776431620e+06,9.998277313208304706e-01,7.768398151615862153e-04
2.459968280413330533e+06,1.000069027853538906e+00,7.769548887362435086e-04
2.459968281050229911e+06,9.994337015667834612e-01,7.767426282426789872e-04
2.459968281687140930e+06,1.000282211251503073e+00,7.771450056409672132e-04
2.459968282324039843e+06,9.995228166078308218e-01,7.768621281860893643e-04
2.459968282960951328e+06,1.000131442701341689e+00,7.771474781842103866e-04
2.459968283597850241e+06,9.997998410082343801e-01,7.770347094868958974e-04
2.459968284234749153e+06,1.000109057873081131e+00,7.772112599440893482e-04
2.459968284871660639e+06,1.000653294261312665e+00,7.774613388769153685e-04
2.459968285508560017e+06,1.000531642030096480e+00,7.774382792204281162e-04
2.459968286145471036e+06,1.000533598487055809e+00,7.775192092857759456e-04
2.459968286782369949e+06,1.000718600466196095e+00,7.776448972995251251e-04
2.459968287419280503e+06,1.000416198526446143e+00,7.775749481435507114e-04
2.459968288056180347e+06,1.000152782066054957e+00,7.775555950752439417e-04
2.459968288693091366e+06,1.000502611855937252e+00,7.777288508272165064e-04
2.459968289329990745e+06,1.000290292313066987e+00,7.777253510901474586e-04
2.459968289966901299e+06,1.000721023219339534e+00,7.779654394353494734e-04
2.459968290603800677e+06,1.001255694157901166e+00,7.782243295702268981e-04
2.459968291240700055e+06,1.001828126297463539e+00,7.785248519879984369e-04
2.459968291877611075e+06,1.001618461380358038e+00,7.785352902535088489e-04
2.459968292514510453e+06,1.001559432139236261e+00,7.785820542999262028e-04
2.459968293151432648e+06,1.001381972692225508e+00,7.786241430897361364e-04
2.459968293788320385e+06,1.001142287167827272e+00,7.785865636257682928e-04
2.459968294425231405e+06,1.000783418230943189e+00,7.785177654071789898e-04
2.459968295062130783e+06,1.000590503551818333e+00,7.785439624207200803e-04
2.459968295699030161e+06,1.000872629339704556e+00,7.787109984636891727e-04
2.459968296335952822e+06,1.000356420312073835e+00,7.785835424035455902e-04
2.459968296972840093e+06,1.000807138853645251e+00,7.787780351887677423e-04
2.459968297609751578e+06,1.000218128860493660e+00,7.786309982551925827e-04
2.459968298246650491e+06,1.000333154746040787e+00,7.787194408351185001e-04
2.459968298883561511e+06,1.000130571709201499e+00,7.787487867398415736e-04
2.459968299520460889e+06,1.000499857596656605e+00,7.789262155716956829e-04
2.459968300157371443e+06,1.000261815746696925e+00,7.789249503773471982e-04
2.459968300794270821e+06,1.000045799840350913e+00,7.789029614535933257e-04
2.459968301431170199e+06,9.998738044458691521e-01,7.789105630125368277e-04
2.459968302068081219e+06,9.996186039950892832e-01,7.789015572470088739e-04
2.459968302704980131e+06,9.999023368678854329e-01,7.790687038546395592e-04
2.459968303341891151e+06,9.997695998611417778e-01,7.790949259629320134e-04
2.459968303978790529e+06,1.000180583516132149e+00,7.792994070247969036e-04
2.459968304615701083e+06,1.000273379168885368e+00,7.793832305670000916e-04
2.459968305252600927e+06,1.000436006173182735e+00,7.795011546019606176e-04
2.459968305889511481e+06,1.000225963429243858e+00,7.794818747968851585e-04
2.459968306526422501e+06,9.999776326217256761e-01,7.794058004116290617e-04
2.459968307163310237e+06,9.998869525356814947e-01,7.794088999796319316e-04
2.459968307800221257e+06,9.995994843425921594e-01,7.793361702566125671e-04
2.459968308437120635e+06,9.993868331534503380e-01,7.792911323378259088e-04
2.459968309074042831e+06,9.995912484500217854e-01,7.794201001155936191e-04
2.459968309710941743e+06,9.994194885277428719e-01,7.794027623182340396e-04
2.459968310347853228e+06,1.000098413815060816e+00,7.796333225190194742e-04
2.459968310984752607e+06,9.995357561502850041e-01,7.794312409245391336e-04
2.459968311621663161e+06,1.000334579024409809e+00,7.797497689504195514e-04
2.459968332639501896e+06,9.995522589211190967e-01,7.867102170157774538e-04
2.459968333276412915e+06,1.000228635884458095e+00,7.860324740974955135e-04
2.459968333913311828e+06,1.000082663704677799e+00,7.845480808163292526e-04
2.459968334550211206e+06,1.000100102961917203e+00,7.834969807964706863e-04
2.459968335187122226e+06,1.001573542373425552e+00,7.833012910488100803e-04
2.459968335824021138e+06,1.001004030296550829e+00,7.823719233575502719e-04
2.459968336460932624e+06,1.000846652806562931e+00,7.816522783676277527e-04
2.459968337097831536e+06,1.001724493492762491e+00,7.813004286670096211e-04
2.459968337734742090e+06,1.000258034689299302e+00,7.801079842752743935e-04
2.459968338371641468e+06,1.000188418052675443e+00,7.794849909214117585e-04
2.459968339008541312e+06,1.000026035702180849e+00,7.789183555200112968e-04
2.459968339645451866e+06,1.000216008302312165e+00,7.785910538363275670e-04
2.459968340282350779e+06,1.000076458092951093e+00,7.782353466708745752e-04
2.459968340919261798e+06,9.999312767876356034e-01,7.778656367933506691e-04
2.459968341556161176e+06,9.999315745912147335e-01,7.776119207534900463e-04
2.459968342193072196e+06,9.998052845507083841e-01,7.772980562814629400e-04
2.459968342829971109e+06,1.000142015982492749e+00,7.772328859178965392e-04
2.459968343466882594e+06,9.994345254731141770e-01,7.768446714144492705e-04
2.459968344103781506e+06,9.998354434734099128e-01,7.768902234149512769e-04
2.459968344740680419e+06,9.995525643985370134e-01,7.767456526094790618e-04
2.459968345377591904e+06,9.997490119743824843e-01,7.767942205522949907e-04
2.459968346014491282e+06,1.000327482553799552e+00,7.770021242633405557e-04
2.459968346651401836e+06,1.000091553324257365e+00,7.769220033504851313e-04
2.459968347288300749e+06,9.996807712089995634e-01,7.767738865076044379e-04
2.459968347925211769e+06,9.999907657153577212e-01,7.769104060995584001e-04
2.459968348562111147e+06,9.996962907957928079e-01,7.767995788829104662e-04
2.459968349199022166e+06,9.998157118837571744e-01,7.768588309042105157e-04
2.459968349835921079e+06,9.998424920614504829e-01,7.769305029619951895e-04
2.459968350472820457e+06,9.996559936536739688e-01,7.769073729668740397e-04
2.459968351109731477e+06,9.999377127643066521e-01,7.770226489386896111e-04
2.459968351746630389e+06,9.997994635650173656e-01,7.770257422727700316e-04
2.459968352383541409e+06,9.996706252817505467e-01,7.770193622828131192e-04
2.459968353020440787e+06,9.998205256489176573e-01,7.771199193893096359e-04
2.459968353657351341e+06,1.000264764163733666e+00,7.773267826761594019e-04
2.459968354294250719e+06,1.000982437505007150e+00,7.776211818164590651e-04
2.459968354931149632e+06,1.000445081998238450e+00,7.775038994098505511e-04
2.459968355568061117e+06,1.000518564574802483e+00,7.775768680769926501e-04
2.459968356204960030e+06,1.000293390768911106e+00,7.775325027773583161e-04
2.459968356841870584e+06,1.000395925206307268e+00,7.776464244101601204e-04
2.459968357478769962e+06,1.000281113984254011e+00,7.776457744142553641e-04
2.459968358115680981e+06,1.001006657632439456e+00,7.780238020098573714e-04
2.459968358752580360e+06,1.000741669623421926e+00,7.780028491018973775e-04
2.459968359389490914e+06,1.001292666223639660e+00,7.782695116928345326e-04
2.459968360026389826e+06,1.001866956875733239e+00,7.785398993362537641e-04
2.459968360663289670e+06,1.002016621053946954e+00,7.786912206697060076e-04
2.459968361300200690e+06,1.001387567846200533e+00,7.785639788159713290e-04
2.459968361937099602e+06,1.000884380623951353e+00,7.785302494866358199e-04
2.459968362574010156e+06,1.000899173883970095e+00,7.785167401264073573e-04
2.459968363210910000e+06,1.000727417208218117e+00,7.784863877096119197e-04
2.459968363847820554e+06,1.000772110303943530e+00,7.785791981625638869e-04
2.459968364484719932e+06,1.000191649125556692e+00,7.784328657056446658e-04
2.459968365121630486e+06,1.000547264759725330e+00,7.786529491617705679e-04
2.459968365758530330e+06,1.000491667856348021e+00,7.787111758646344519e-04
2.459968366395429242e+06,1.000508560452632256e+00,7.787683142888371379e-04
2.459968367032339796e+06,9.999629727504359966e-01,7.785970390193637080e-04
2.459968367669239175e+06,9.999103806847815523e-01,7.786700268694286354e-04
2.459968368306150194e+06,1.000046583543443557e+00,7.787818111839124504e-04
2.459968368943049572e+06,1.000100246384165947e+00,7.788875413233538976e-04
2.459968369579960126e+06,9.995219392371190725e-01,7.787827123554340791e-04
2.459968370216859505e+06,9.994277235681428007e-01,7.787735996341363636e-04
2.459968370853758417e+06,9.997153123604907154e-01,7.789495494831661336e-04
2.459968371490669902e+06,9.998644704665720084e-01,7.790566387242553199e-04
2.459968372127568815e+06,9.999542692626357532e-01,7.791571619913230731e-04
2.459968372764479369e+06,1.000251735702757605e+00,7.793195729580391917e-04
2.459968373401378747e+06,1.001003351250698836e+00,7.796475265617658270e-04
2.459968374038289301e+06,9.998901629822871673e-01,7.793345460111216405e-04
2.459968374675189145e+06,9.998870565948217992e-01,7.793319038409729548e-04
2.459968375312099699e+06,9.997354995326359628e-01,7.793332662194314827e-04
2.459968375948998611e+06,9.996650578611638860e-01,7.793593269739452914e-04
2.459968376585897990e+06,9.991858110987228425e-01,7.793259864282667433e-04
2.459968377222809009e+06,9.995535954080280172e-01,7.794084927204206594e-04
2.459968377859708387e+06,9.999940071848654188e-01,7.796289488163083824e-04
2.459968378496618941e+06,9.995271359429473979e-01,7.794955899535862577e-04
2.459968379133518320e+06,9.998976805618340347e-01,7.796178953710278898e-04
2.459968379770428874e+06,1.000649054857015274e+00,7.798894362517081250e-04
2.459968401425176300e+06,9.987753361702363941e-01,7.853166637411560999e-04
2.459968402062075678e+06,9.987276149151097515e-01,7.843944470844455268e-04
2.459968402698986698e+06,9.991875295447801841e-01,7.837025011765234037e-04
2.459968403335885610e+06,9.989259503108031124e-01,7.826784735216322543e-04
2.459968403972784523e+06,9.991301464072489535e-01,7.821948445517987744e-04
2.459968404609695543e+06,9.995268253236414546e-01,7.815329382507838537e-04
2.459968405246594921e+06,1.000076282285508489e+00,7.808530195560501111e-04
2.459968405883505475e+06,9.995284111976436847e-01,7.799986362656840828e-04
2.459968406520404853e+06,9.997513524461861811e-01,7.795522573319786219e-04
2.459968407157315407e+06,9.990900949527434793e-01,7.789082655973885144e-04
2.459968407794214785e+06,9.988227913531739777e-01,7.784783910783863456e-04
2.459968408431114163e+06,9.989616490661500370e-01,7.781267991012363232e-04
2.459968409068024717e+06,9.991215242120529139e-01,7.777909859703999347e-04
2.459968409704923630e+06,9.989275409007218887e-01,7.773919952921830865e-04
2.459968410341834184e+06,9.982360417235290884e-01,7.768655402662365435e-04
2.459968410978734028e+06,9.987262532801077786e-01,7.768734180111192900e-04
2.459968411615645047e+06,9.984210309186346555e-01,7.765762935949665482e-04
2.459968412252543960e+06,9.986206133104825744e-01,7.765355721240100239e-04
2.459968412889454979e+06,9.980856032612460682e-01,7.761913691537615642e-04
2.459968413526353892e+06,9.986675833331785102e-01,7.763873402606433563e-04
2.459968414163252804e+06,9.982511704125269780e-01,7.762062135784321632e-04
2.459968414800163824e+06,9.985006163556086056e-01,7.763189085303623957e-04
2.459968415437063202e+06,9.983119042889572192e-01,7.762568253591597229e-04
2.459968416073974222e+06,9.985554741698448034e-01,7.763603198524925012e-04
2.459968416710873134e+06,9.986262248675521480e-01,7.764044853723612964e-04
2.459968417347783688e+06,9.985704537022137561e-01,7.763809744528812505e-04
2.459968417984683067e+06,9.983411791635341537e-01,7.763085533386268394e-04
2.459968418621582445e+06,9.978588595328027333e-01,7.761804904523723035e-04
2.459968419258492999e+06,9.982559295027471080e-01,7.763650587291522900e-04
2.459968419895391911e+06,9.983584429555691919e-01,7.764184713105977192e-04
2.459968420532302931e+06,9.985135094251278431e-01,7.765309848611757874e-04
2.459968421169202309e+06,9.984023480904303804e-01,7.765343697810546831e-04
2.459968421806113329e+06,9.986811495229299673e-01,7.766889937045164463e-04
2.459968422443012241e+06,9.990819864237237002e-01,7.768845191809224671e-04
2.459968423079911154e+06,9.991103878156063489e-01,7.769181432671854728e-04
2.459968423716822173e+06,9.994812020296477417e-01,7.771506170769030284e-04
2.459968424353721552e+06,9.990916367386012409e-01,7.770619190935879180e-04
2.459968424990632106e+06,9.995797600230267310e-01,7.772732100221060262e-04
2.459968425627531018e+06,9.992525348452341305e-01,7.772508494428947675e-04
2.459968426264441572e+06,9.990132091144763304e-01,7.771963490208544986e-04
2.459968426901341416e+06,9.985582170583097161e-01,7.770900715301098808e-04
2.459968427538252436e+06,9.994423493200432773e-01,7.775023085316697330e-04
2.459968428175151348e+06,1.000225853100149997e+00,7.778550758535000614e-04
2.459968428812050261e+06,9.999698410701726159e-01,7.778312181598866270e-04
2.459968429448961280e+06,1.000039054098007307e+00,7.779365655593796156e-04
2.459968430085860193e+06,9.998931485765663041e-01,7.780049737188972879e-04
2.459968430722771212e+06,9.996751829963200775e-01,7.779647639509788869e-04
2.459968431359670591e+06,9.994084086326411320e-01,7.779182520851647556e-04
2.459968431996580679e+06,9.993347028531075482e-01,7.779664632575567168e-04
2.459968432633480057e+06,9.992495905353943053e-01,7.779997952702279564e-04
2.459968433270391077e+06,9.995700238720791608e-01,7.782163987419305103e-04
2.459968433907290455e+06,9.990087457903886747e-01,7.780514547507317354e-04
2.459968434544189833e+06,9.986203204493623309e-01,7.779805600854478032e-04
2.459968435181100387e+06,9.993538618712893840e-01,7.783407028219143601e-04
2.459968435817999300e+06,9.989803599175096638e-01,7.782684403126235301e-04
2.459968436454909854e+06,9.985132214918983617e-01,7.781649535109423210e-04
2.459968437091809232e+06,9.983460528898783215e-01,7.781637083384792446e-04
2.459968437728720251e+06,9.982550963443856951e-01,7.782142724282554644e-04
2.459968438365619164e+06,9.980079342650534091e-01,7.781886425389991906e-04
2.459968439002518076e+06,9.980369673766624761e-01,7.782682298269725943e-04
2.459968439639429096e+06,9.981310831685542562e-01,7.783390500063271664e-04
2.459968440276328474e+06,9.980496929540482176e-01,7.783791755826876537e-04
2.459968440913239494e+06,9.982385939506491779e-01,7.784909192427740855e-04
2.459968441550138406e+06,9.990372767960988831e-01,7.788393367943651033e-04
2.459968442187048960e+06,9.989117718293779591e-01,7.788524785411849935e-04
2.459968442823948339e+06,9.986795273597787181e-01,7.787955861815300598e-04
2.459968443460858893e+06,9.984365434383251081e-01,7.787749136864248944e-04
2.459968444097758271e+06,9.981422104128897521e-01,7.787070361236307896e-04
2.459968444734657183e+06,9.983756813185294954e-01,7.788722189355163153e-04
2.459968445371567737e+06,9.982749511636371809e-01,7.788717852568989922e-04
2.459968446008467115e+06,9.987920871190035799e-01,7.790973000599578629e-04
2.459968446645378135e+06,9.979908617662570647e-01,7.788625915176833163e-04
2.459968447282277048e+06,9.983683297346279684e-01,7.790403285328351005e-04
2.459968447919187602e+06,9.983192429097106357e-01,7.790545421734059416e-04
2.459968448556086980e+06,9.975760482004120133e-01,7.787900655675498865e-04
2.459968449192985892e+06,9.981644628367772887e-01,7.790577070627959996e-04
2.459968470210832078e+06,9.981897299259914202e-01,7.850577826281429855e-04
2.459968470847731456e+06,9.987026260794590327e-01,7.843077953240678180e-04
2.459968471484642010e+06,9.977986852140646734e-01,7.831848901738825515e-04
2.459968472121541388e+06,9.989265473373351023e-01,7.824964041870984335e-04
2.459968472758451942e+06,9.985983366098204472e-01,7.817075768168522867e-04
2.459968473395350855e+06,9.990728482686099809e-01,7.812765919318402598e-04
2.459968474032250233e+06,9.994399929550479289e-01,7.808157053652061558e-04
2.459968474669161253e+06,9.994837427066711744e-01,7.803776696936030486e-04
2.459968475306060165e+06,9.985354193026356739e-01,7.794407267179743765e-04
2.459968475942970719e+06,9.989646246891704662e-01,7.790549345504492332e-04
2.459968476579870097e+06,9.987053572572154314e-01,7.785298206700735912e-04
2.459968477216780651e+06,9.982590172190470845e-01,7.779287401980178925e-04
2.459968477853680030e+06,9.982406789449072004e-01,7.775192855997723005e-04
2.459968478490579408e+06,9.983572466646400967e-01,7.772785962888804218e-04
2.459968479127489496e+06,9.976993420963752301e-01,7.767492874254998229e-04
2.459968479764388874e+06,9.980736347649620255e-01,7.766470379697396498e-04
2.459968480401299428e+06,9.984957409291644881e-01,7.766229042831871007e-04
2.459968481038198806e+06,9.979065583866706390e-01,7.762439384815962833e-04
2.459968481675109826e+06,9.979345771511923813e-01,7.761366228181863173e-04
2.459968482312008739e+06,9.979334211855700465e-01,7.761142540916405805e-04
2.459968482948919293e+06,9.979789222757798894e-01,7.761060451260615644e-04
2.459968483585818671e+06,9.983176968139645391e-01,7.762436881641251053e-04
2.459968484222717583e+06,9.981959785184877365e-01,7.761978823456205673e-04
2.459968484859628603e+06,9.981447082509424806e-01,7.761891709431517150e-04
2.459968485496527515e+06,9.986966680078913638e-01,7.764140495870938815e-04
2.459968486133438069e+06,9.982250762768104524e-01,7.762414103085653327e-04
2.459968486770337448e+06,9.984814343210032250e-01,7.763879101145030942e-04
2.459968487407248002e+06,9.984165400488387299e-01,7.764004900408093702e-04
2.459968488044147380e+06,9.981148514141788830e-01,7.763071314157348000e-04
2.459968488681046292e+06,9.986384226458796531e-01,7.765192989737018442e-04
2.459968489317956846e+06,9.978444420152206007e-01,7.763070716355786058e-04
2.459968489954856224e+06,9.982964828271987390e-01,7.765131100442328920e-04
2.459968490591766778e+06,9.980580700622183610e-01,7.764603216637399989e-04
2.459968491228666157e+06,9.984385457721270951e-01,7.766607988680078586e-04
2.459968491865576711e+06,9.991386103276660435e-01,7.769752238686952360e-04
2.459968492502475623e+06,9.995204993154025441e-01,7.771729269042794777e-04
2.459968493139375001e+06,9.988178911782906733e-01,7.769730212020770164e-04
2.459968493776285555e+06,9.989052371240998429e-01,7.770420759961681580e-04
2.459968494413184468e+06,9.990208726095113345e-01,7.771733529382169898e-04
2.459968495050095022e+06,9.983980012648430158e-01,7.769874898971875204e-04
2.459968495687005576e+06,9.982507042812067688e-01,7.770042592678827464e-04
2.459968496323904954e+06,9.992177455922540696e-01,7.774333303110618227e-04
2.459968496960804332e+06,9.997809657944123352e-01,7.777074985586107225e-04
2.459968497597703245e+06,9.996703744693613558e-01,7.777425409909319515e-04
2.459968498234613799e+06,9.996233841249670959e-01,7.777870895874582731e-04
2.459968498871513177e+06,9.999188833555702205e-01,7.779780347594323362e-04
2.459968499508423731e+06,9.993679682761985594e-01,7.778343755094077822e-04
2.459968500145323109e+06,9.989080434957403609e-01,7.777434009428541234e-04
2.459968500782234129e+06,9.994007601584008471e-01,7.780124522610634696e-04
2.459968501419132575e+06,9.994242374866234568e-01,7.780820951010810173e-04
2.459968502056031954e+06,9.989243793468502997e-01,7.779541408179517807e-04
2.459968502692942973e+06,9.987692418265137206e-01,7.779807645248733696e-04
2.459968503329841886e+06,9.991781887022201936e-01,7.782025851648466733e-04
2.459968503966752905e+06,9.990233687573316645e-01,7.782117808708922599e-04
2.459968504603651818e+06,9.988118639162612000e-01,7.781876723052843147e-04
2.459968505240574013e+06,9.985409131487147372e-01,7.781529749888505595e-04
2.459968505877461750e+06,9.983306635359359138e-01,7.781557673690083898e-04
2.459968506514372304e+06,9.992030776720219887e-01,7.785439758066783292e-04
2.459968507151271682e+06,9.989266356031344385e-01,7.785252176115764000e-04
2.459968507788170129e+06,9.980106882537000956e-01,7.782594628653064167e-04
2.459968508425080683e+06,9.985031959504138133e-01,7.784796656863605252e-04
2.459968509061991703e+06,9.988143862741238888e-01,7.786643945543951072e-04
2.459968509698891081e+06,9.985780593518660542e-01,7.786452164508972547e-04
2.459968510335789993e+06,9.989610653511369343e-01,7.788197176656698776e-04
2.459968510972700547e+06,9.985853549666647844e-01,7.787503217109986980e-04
2.459968511609599460e+06,9.986207764287269306e-01,7.787906868670186819e-04
2.459968512246498838e+06,9.986181049304118096e-01,7.788684767148929813e-04
2.459968512883409858e+06,9.983140088669868462e-01,7.788105137094246139e-04
2.459968513520308770e+06,9.986658178405546371e-01,7.790261702677952430e-04
2.459968514157219324e+06,9.982542812482551042e-01,7.789090054156791280e-04
2.459968514794118702e+06,9.978757368227179070e-01,7.788415439569503981e-04
2.459968515431029256e+06,9.983749875958278786e-01,7.790540830007235346e-04
2.459968516067928635e+06,9.982554250426403097e-01,7.789771165583172846e-04
2.459968516704827547e+06,9.984754766246169977e-01,7.790792242236251400e-04
2.459968517341737635e+06,9.988741053833893879e-01,7.792168170800942324e-04
2.459968517978637014e+06,9.987272833732803168e-01,7.792001223678125723e-04
2.459968518615559209e+06,9.997705919666364238e-01,7.797626048181876450e-04
2.459968519252446946e+06,1.000538195056653645e+00,7.802819670933385356e-04
2.459968522436977364e+06,9.996114949401709859e-01,7.936376459087093622e-04
2.459968538996492513e+06,9.995728906859705498e-01,7.851806166159336743e-04
2.459968539633391425e+06,9.993221233466936804e-01,7.841245752365787235e-04
2.459968540270290803e+06,9.998188707054633806e-01,7.834354591642789419e-04
2.459968540907201357e+06,1.000387896837580781e+00,7.830818354252778177e-04
2.459968541544100735e+06,1.000422755843581424e+00,7.825546693071877731e-04
2.459968542181010824e+06,1.000912541436562719e+00,7.820745137681534617e-04
2.459968542817909736e+06,1.001712410694936217e+00,7.815920857840206277e-04
2.459968543454820756e+06,1.000607814897860104e+00,7.804775412632326001e-04
2.459968544091720134e+06,1.000146281734899167e+00,7.798615413491144814e-04
2.459968544728619047e+06,9.997408867633101881e-01,7.793273507058643204e-04
2.459968545365529601e+06,9.999922980405442363e-01,7.789329139411075567e-04
2.459968546002428979e+06,9.991878634350883637e-01,7.782066940169538602e-04
2.459968546639339067e+06,9.996124295796673387e-01,7.780356226919618503e-04
2.459968547276238445e+06,9.994438091702391169e-01,7.776619249271736088e-04
2.459968547913148999e+06,9.992357146344177377e-01,7.772689418914245684e-04
2.459968548550047912e+06,9.992200511110879146e-01,7.770522302970893141e-04
2.459968549186947290e+06,9.993864434106424222e-01,7.769239575767620263e-04
2.459968549823857844e+06,9.991170719522974863e-01,7.766536297082670629e-04
2.459968550460757222e+06,9.995049420316993727e-01,7.767346471251163585e-04
2.459968551097667776e+06,9.995702083216602141e-01,7.767220468153804378e-04
2.459968551734566689e+06,9.992284418643411215e-01,7.765753129268187322e-04
2.459968552371477243e+06,9.996344239996123315e-01,7.767387503897043828e-04
2.459968553008376621e+06,9.993393084900352719e-01,7.766133235438654183e-04
2.459968553645275533e+06,9.996923360453198182e-01,7.767815522350296660e-04
2.459968554282186553e+06,9.992043422378769080e-01,7.766146355208486353e-04
2.459968554919085465e+06,9.992637162416718732e-01,7.766364349982022089e-04
2.459968555555995554e+06,9.990579741472275233e-01,7.766092220739337229e-04
2.459968556192894932e+06,9.991261974763682163e-01,7.766808262714042406e-04
2.459968556829805486e+06,9.988155408235840360e-01,7.766041483184994839e-04
2.459968557466704864e+06,9.997327292482868222e-01,7.769602881824778148e-04
2.459968558103603777e+06,9.994259944196367540e-01,7.769303394369038267e-04
2.459968558740514331e+06,9.991713330334278664e-01,7.768904342334992255e-04
2.459968559377413243e+06,9.993454873295489760e-01,7.769699701918493517e-04
2.459968560014324263e+06,9.996867555689228357e-01,7.771524760720796825e-04
2.459968560651223175e+06,9.997032734748851901e-01,7.772116539689379044e-04
2.459968561288133729e+06,1.000067851059664781e+00,7.773843979228052710e-04
2.459968561925033107e+06,1.000071045855552176e+00,7.774685320498311847e-04
2.459968562561932020e+06,1.000131017552474910e+00,7.775343808557618310e-04
2.459968563198842574e+06,1.000054961317393909e+00,7.775747835850891276e-04
2.459968563835741486e+06,9.997242623991278165e-01,7.774972033853165499e-04
2.459968564472652040e+06,9.995483094976255201e-01,7.775085384031831448e-04
2.459968565109551419e+06,1.000399885736995786e+00,7.778713361063917080e-04
2.459968565746461973e+06,1.001063051337991672e+00,7.782110391642321941e-04
2.459968566383361351e+06,1.001112413181082017e+00,7.783052680016105647e-04
2.459968567020259798e+06,1.001121840311116395e+00,7.783764566344247198e-04
2.459968567657170352e+06,1.001455475728567857e+00,7.785910043695552004e-04
2.459968568294069730e+06,1.000532114170603171e+00,7.782960515342660481e-04
2.459968568930980284e+06,1.000625171444782691e+00,7.783863243369165338e-04
2.459968569567879662e+06,1.000194418143792507e+00,7.783186083595964883e-04
2.459968570204790216e+06,9.998694979362366952e-01,7.782374132697511939e-04
2.459968570841688663e+06,9.999135992588191746e-01,7.783270507794107229e-04
2.459968571478588041e+06,9.998384431085027835e-01,7.783706951252404799e-04
2.459968572115499061e+06,1.000092457552792746e+00,7.785269684438553620e-04
2.459968572752397973e+06,1.000719718125902435e+00,7.788568207928127027e-04
2.459968573389308527e+06,1.000132349202176529e+00,7.787091564813745578e-04
2.459968574026207440e+06,1.000173582902110114e+00,7.787745701747023552e-04
2.459968574663117994e+06,9.993917726403394042e-01,7.785721039348402796e-04
2.459968575300017372e+06,9.993939978518137091e-01,7.786341378005297211e-04
2.459968575936927926e+06,9.997314471104224998e-01,7.788451022781250031e-04
2.459968576573826838e+06,9.992223525954383456e-01,7.787456703584647684e-04
2.459968577210725751e+06,9.997322743777068421e-01,7.789890179183867232e-04
2.459968577847636305e+06,9.996856217211963491e-01,7.790238776331468188e-04
2.459968578484535683e+06,9.994548437798230767e-01,7.789955465350282713e-04
2.459968579121446703e+06,9.997324720552617228e-01,7.791274703347338430e-04
2.459968579758345149e+06,1.000293879208597581e+00,7.794471785239508914e-04
2.459968580395255703e+06,9.995350730572026832e-01,7.791988904573847376e-04
2.459968581032155082e+06,9.995827321295676082e-01,7.793022310185800799e-04
2.459968581669053994e+06,9.995339644678630231e-01,7.793712612739314748e-04
2.459968582305965014e+06,9.992038095509012674e-01,7.793020138114144148e-04
2.459968582942863461e+06,9.992965722800921657e-01,7.794193624536503717e-04
2.459968583579774015e+06,9.994450183498163609e-01,7.795049132512338417e-04
2.459968584216673393e+06,9.990789007700172641e-01,7.793893087085264218e-04
2.459968584853583947e+06,9.985083738693141253e-01,7.791107266519327031e-04
2.459968585490483325e+06,9.994692660534227890e-01,7.794031829524021614e-04
2.459968586127381772e+06,9.995975823833892493e-01,7.794185753730082820e-04
2.459968586764292326e+06,9.999130989155304849e-01,7.797652439219135640e-04
2.459968587401191704e+06,1.001070196795556644e+00,7.801872102173741099e-04
2.459968588038102724e+06,1.000310181404868493e+00,7.801604560101762457e-04
2.459968588675001170e+06,1.000816739079628093e+00,7.809256740417965751e-04
2.459968589311911725e+06,1.001059997280816072e+00,7.822862825412458089e-04
2.459968589948810637e+06,1.000280690272084883e+00,7.844340510879124154e-04
2.459968590585710015e+06,1.001004356158544883e+00,7.881004252383836967e-04
2.459968591222621035e+06,1.000179530953256180e+00,7.925413282397818313e-04
2.459968607782122679e+06,9.989940604856782924e-01,7.849757575522157667e-04
2.459968608419033233e+06,1.002832765238129920e+00,7.861990031953945907e-04
2.459968609055932611e+06,1.000151396980457630e+00,7.837403586873957582e-04
2.459968609692831058e+06,1.000141155104753654e+00,7.828572901805710624e-04
2.459968610329742078e+06,1.000452649900431368e+00,7.822426880021967135e-04
2.459968610966640990e+06,1.000361259085547516e+00,7.814162516649524959e-04
2.459968611603551544e+06,1.000573040674243686e+00,7.806417780664657441e-04
2.459968612240450457e+06,1.000014583620361330e+00,7.797632372011163281e-04
2.459968612877361011e+06,9.998941480169921681e-01,7.794042592277813106e-04
2.459968613514260389e+06,9.998112669038904388e-01,7.791109250949028757e-04
2.459968614151158836e+06,9.993663799606885556e-01,7.785657606178536918e-04
2.459968614788069390e+06,9.996656940689863102e-01,7.783469924217970492e-04
2.459968615424968768e+06,9.994765470569656474e-01,7.779377731144339380e-04
2.459968616061879322e+06,9.993180255840967696e-01,7.775612014196807030e-04
2.459968616698778234e+06,9.993749240203302353e-01,7.772535324813272537e-04
2.459968617335689254e+06,9.992947135472199927e-01,7.770157099977744808e-04
2.459968617972587701e+06,9.991243099832254337e-01,7.767859279192656195e-04
2.459968618609486613e+06,9.994055097532027476e-01,7.767534400305023054e-04
2.459968619246397633e+06,9.990874169418372253e-01,7.765686174912718150e-04
2.459968619883296546e+06,9.991216680144333617e-01,7.765419955313795052e-04
2.459968620520207565e+06,9.994722042150571140e-01,7.766762810770879441e-04
2.459968621157106012e+06,9.991270580847860794e-01,7.765612621406510312e-04
2.459968621794016566e+06,9.995741554801265139e-01,7.767017545989510089e-04
2.459968622430915944e+06,9.990678936540774435e-01,7.765482317835213644e-04
2.459968623067814857e+06,9.993523534728990798e-01,7.766714977856039063e-04
2.459968623704725411e+06,9.990216336234194472e-01,7.765520379568163073e-04
2.459968624341624323e+06,9.992766454686383693e-01,7.766866400785615073e-04
2.459968624978534877e+06,9.993224458782750119e-01,7.767566240984709021e-04
2.459968625615433790e+06,9.987582176401027523e-01,7.765798129436803695e-04
2.459968626252344809e+06,9.988773565290640644e-01,7.766500229132549922e-04
2.459968626889243722e+06,9.997381576966214434e-01,7.770431974729021191e-04
2.459968627526142169e+06,9.991567091961069957e-01,7.768677282319304744e-04
2.459968628163053188e+06,9.994173533231512918e-01,7.770006749426114790e-04
2.459968628799952101e+06,9.997274009617130863e-01,7.771538598039436909e-04
2.459968629436862655e+06,9.999206985652527857e-01,7.773080511377353143e-04
2.459968630073761567e+06,1.000238321642459294e+00,7.774663839758882890e-04
2.459968630710672121e+06,9.995652232136641446e-01,7.772818145199154915e-04
2.459968631347571500e+06,9.999352106188689193e-01,7.774739481867712744e-04
2.459968631984481588e+06,9.995822262544813430e-01,7.773757771021174269e-04
2.459968632621380966e+06,9.998207797841222044e-01,7.775678540415370934e-04
2.459968633258279879e+06,9.999606327672576622e-01,7.776702254620791819e-04
2.459968633895189967e+06,1.000547173410798463e+00,7.779285947390082549e-04
2.459968634532089345e+06,1.000937780829856294e+00,7.781568786397062478e-04
2.459968635169000365e+06,1.001066844869987316e+00,7.782923422137870200e-04
2.459968635805898812e+06,1.000950882864278135e+00,7.783267327844263202e-04
2.459968636442809366e+06,1.000482071467533984e+00,7.782411162091070530e-04
2.459968637079708744e+06,9.997849724572437369e-01,7.780417750333395218e-04
2.459968637716607191e+06,1.000515391248288255e+00,7.783562855734857703e-04
2.459968638353518210e+06,9.999266996445846933e-01,7.782383281468638466e-04
2.459968638990417123e+06,9.999066203125519525e-01,7.782646081026656356e-04
2.459968639627327211e+06,9.998860584180209177e-01,7.783346751027592778e-04
2.459968640264226589e+06,9.998804638847823556e-01,7.783942766306945491e-04
2.459968640901137143e+06,1.000110108780411622e+00,7.785559791058129214e-04
2.459968641538036056e+06,9.995896935206353140e-01,7.784319019554494573e-04
2.459968642174935434e+06,9.992388658969133530e-01,7.784024436038506798e-04
2.459968642811845988e+06,9.997050022871944996e-01,7.786155080978992291e-04
2.459968643448744435e+06,9.995718891525079419e-01,7.786653324807222068e-04
2.459968644085654989e+06,9.997055194479139706e-01,7.788064800964316281e-04
2.459968644722554367e+06,1.000448542665070439e+00,7.791754384837427027e-04
2.459968645359464921e+06,9.994267645413971168e-01,7.788509212954117982e-04
2.459968645996363834e+06,9.991290647424695415e-01,7.787928973758561800e-04
2.459968646633274388e+06,9.998107101307318612e-01,7.791014299355925867e-04
2.459968647270173300e+06,9.998366631389838943e-01,7.792004875419783266e-04
2.459968647907072213e+06,1.000053076073059044e+00,7.793147821782540506e-04
2.459968648543983232e+06,1.000035745090685824e+00,7.793728526018280783e-04
2.459968649180881679e+06,9.993261584617231241e-01,7.791470661803602364e-04
2.459968649817792233e+06,9.994397145621330969e-01,7.792615779198421412e-04
2.459968650454691611e+06,9.996929637168893157e-01,7.794494184896231474e-04
2.459968651091601700e+06,9.985927063725084096e-01,7.791219961287108994e-04
2.459968651728501078e+06,9.992291873546610415e-01,7.793953616533637243e-04
2.459968652365399990e+06,9.992941548063063451e-01,7.794086514637700710e-04
2.459968653002310079e+06,9.993105851075531065e-01,7.793475085209142922e-04
2.459968653639209457e+06,9.993506878244888814e-01,7.792952198766992574e-04
2.459968654276120011e+06,9.993251040859749690e-01,7.792927949950862604e-04
2.459968654913018923e+06,9.994646450084049283e-01,7.793610020675086070e-04
2.459968655549929477e+06,9.995194027204626908e-01,7.794348702221932067e-04
2.459968656186828390e+06,1.000187389029159934e+00,7.798197223889322648e-04
2.459968656823727302e+06,1.000400441070033342e+00,7.801720185212993866e-04
2.459968657460638322e+06,1.000309312447039023e+00,7.806869746045693023e-04
2.459968658097536769e+06,1.000034173984012398e+00,7.817412927544947678e-04
2.459968658734447323e+06,1.000608384999745359e+00,7.844929522209676811e-04
2.459968659371346701e+06,1.000451139769102937e+00,7.871381981381439649e-04
2.459968660008256789e+06,1.001310100005115000e+00,7.887667263190724755e-04
2.459968676567757502e+06,9.992545748130748917e-01,7.844654582316276962e-04
2.459968677204656415e+06,9.996657197091159963e-01,7.836392918863050935e-04
2.459968677841566503e+06,9.998655914875346218e-01,7.827960697046368018e-04
2.459968678478465881e+06,9.998013935137499697e-01,7.821239633715518225e-04
2.459968679115376435e+06,1.000251238730335279e+00,7.818992952349486467e-04
2.459968679752275348e+06,1.000389817386105440e+00,7.814677124203887318e-04
2.459968680389174260e+06,1.000882086121668735e+00,7.810929060239562129e-04
2.459968681026084349e+06,1.000795954206277205e+00,7.805201860861676758e-04
2.459968681662983727e+06,1.000365342059252205e+00,7.798452430412731269e-04
2.459968682299894281e+06,9.998046865247084414e-01,7.791192188172971732e-04
2.459968682936793193e+06,9.995868779390353343e-01,7.786279588500125701e-04
2.459968683573703747e+06,9.996877671919824904e-01,7.783088156259422357e-04
2.459968684210602660e+06,1.000195626653036074e+00,7.781425872139283119e-04
2.459968684847501572e+06,9.989981688891560463e-01,7.773986909374311837e-04
2.459968685484412126e+06,9.992120856830486453e-01,7.771698253072739909e-04
2.459968686121311504e+06,9.995364865089724216e-01,7.770731570944203496e-04
2.459968686758221593e+06,9.992444551589870771e-01,7.767901814867280656e-04
2.459968687395120505e+06,9.994815817544291381e-01,7.767754623366997973e-04
2.459968688032031059e+06,9.992745450501474558e-01,7.766414687179809930e-04
2.459968688668929972e+06,9.990462051223691908e-01,7.765403487189128382e-04
2.459968689305840991e+06,9.988759647177939405e-01,7.764840587301461003e-04
2.459968689942739438e+06,9.989595965975889280e-01,7.765347929853432451e-04
2.459968690579638351e+06,9.995308246969971666e-01,7.767341127177998907e-04
2.459968691216548905e+06,9.992684495776298359e-01,7.766370985596998417e-04
2.459968691853447817e+06,9.993604895521794873e-01,7.766815420289513308e-04
2.459968692490358837e+06,9.994752110248767973e-01,7.767422202097343156e-04
2.459968693127257284e+06,9.988263841823306066e-01,7.765323243872784571e-04
2.459968693764167838e+06,9.985548803585925226e-01,7.764744516397644120e-04
2.459968694401066750e+06,9.987732200450393227e-01,7.765883521093204728e-04
2.459968695037965663e+06,9.989982961840002673e-01,7.767119974199162159e-04
2.459968695674876217e+06,9.989971577907744704e-01,7.767624843598864692e-04
2.459968696311775129e+06,9.988828319765841179e-01,7.767639872873437603e-04
2.459968696948685683e+06,9.992956230799237005e-01,7.769599572657914007e-04
2.459968697585584596e+06,9.999395884130460876e-01,7.772410006326883674e-04
2.459968698222495150e+06,9.999486849323648840e-01,7.773199380234635395e-04
2.459968698859394062e+06,9.997043128242546484e-01,7.772724959798586047e-04
2.459968699496292975e+06,9.996400607722741860e-01,7.773079735139167001e-04
2.459968700133203063e+06,9.995597685868633508e-01,7.773343822593549966e-04
2.459968700770102441e+06,9.992521931798877821e-01,7.772485087686549412e-04
2.459968701407012995e+06,9.994837288700866296e-01,7.774366166512175578e-04
2.459968702043911908e+06,9.997654560693876036e-01,7.775943688921801988e-04
2.459968702680821996e+06,1.000239211374175596e+00,7.778290779957492459e-04
2.459968703317721374e+06,1.001101500127493882e+00,7.782275209123305651e-04
2.459968703954620287e+06,1.000466453157721425e+00,7.780618113992716954e-04
2.459968704591530841e+06,1.000881002248511953e+00,7.783122196459413798e-04
2.459968705228429753e+06,1.000200241589698225e+00,7.781540012104414461e-04
2.459968705865339842e+06,1.000134194839216173e+00,7.781541603443063856e-04
2.459968706502239220e+06,9.999340884979985855e-01,7.781527576474235857e-04
2.459968707139149308e+06,1.000082702045604011e+00,7.782905984153189833e-04
2.459968707776048686e+06,9.994731282069544420e-01,7.781182199216503956e-04
2.459968708412947133e+06,1.000103769927493058e+00,7.784263978904232230e-04
2.459968709049857687e+06,1.000003473039638324e+00,7.784535932755784265e-04
2.459968709686756600e+06,9.998050252963130990e-01,7.784620759419536278e-04
2.459968710323667619e+06,1.000343645966152772e+00,7.787201585877344141e-04
2.459968710960566066e+06,9.992124561374338132e-01,7.783838014756600410e-04
2.459968711597477086e+06,9.991793447441338349e-01,7.784449293687584811e-04
2.459968712234375533e+06,9.995708096375749419e-01,7.786715954459923032e-04
2.459968712871286087e+06,9.992953384661169558e-01,7.786331391558775055e-04
2.459968713508185465e+06,9.994400236459851650e-01,7.787780332529992480e-04
2.459968714145084377e+06,9.989589677668744283e-01,7.786722321542362659e-04
2.459968714781994931e+06,9.993790506283146691e-01,7.788728901400585655e-04
2.459968715418893378e+06,9.995309091292793324e-01,7.790369595876111804e-04
2.459968716055803932e+06,9.994392509099300215e-01,7.790075766750358122e-04
2.459968716692702845e+06,9.996371700349555578e-01,7.791313516116686730e-04
2.459968717329613399e+06,9.999094666190950775e-01,7.792807116530430607e-04
2.459968717966512311e+06,9.992876722569521419e-01,7.791077714345634930e-04
2.459968718603411224e+06,9.992631238869379429e-01,7.792155540665577024e-04
2.459968719240321312e+06,9.990252098074071663e-01,7.792099447580258260e-04
2.459968719877220690e+06,9.991501930427146849e-01,7.793203589704949434e-04
2.459968720514131244e+06,9.990545695590264952e-01,7.793034307396901885e-04
2.459968721151030157e+06,9.987796168525064910e-01,7.791529670622662817e-04
2.459968721787940245e+06,9.990415959577800820e-01,7.792266475362664112e-04
2.459968722424839623e+06,9.998490856894852730e-01,7.794288216066647340e-04
2.459968723061738070e+06,9.990088187009110721e-01,7.790983555529704075e-04
2.459968723698649090e+06,9.992789544833857729e-01,7.791825482390265590e-04
2.459968724335547537e+06,9.999392622850870049e-01,7.794964562387285108e-04
2.459968724972458091e+06,1.000029204107949710e+00,7.796255650282061253e-04
2.459968725609357003e+06,1.000217635120622450e+00,7.799273911572245869e-04
2.459968726246267557e+06,1.000755376260649587e+00,7.807166824222607198e-04
2.459968726883166470e+06,9.998211045399588714e-01,7.815036405813851521e-04
2.459968727520088665e+06,1.000413659378459830e+00,7.835627827762336062e-04
2.459968728156975470e+06,1.000343700998741259e+00,7.869089784322927687e-04
2.459968745353396516e+06,9.990032585525996378e-01,7.840382775605097632e-04
2.459968745990295429e+06,9.995661343574122615e-01,7.832336617588461130e-04
2.459968746627205983e+06,9.996676966810879028e-01,7.825627772135563100e-04
2.459968747264104430e+06,9.995390447643502929e-01,7.819710465207592616e-04
2.459968747901003808e+06,1.000348418576568310e+00,7.817919661780434919e-04
2.459968748537913896e+06,1.000400139228186491e+00,7.811892306780471437e-04
2.459968749174813274e+06,9.999522274668750654e-01,7.805558767182126188e-04
2.459968749811723363e+06,9.996433220090020777e-01,7.800192869716437820e-04
2.459968750448622275e+06,9.993122588366104564e-01,7.794719438543136134e-04
2.459968756180758588e+06,9.993998582988521395e-01,7.767452062124860154e-04
2.459968756817657501e+06,9.989568432781846807e-01,7.765562388563786557e-04
2.459968757454567589e+06,9.986159683857743774e-01,7.763698233676922297e-04
2.459968758091466967e+06,9.991961829516186055e-01,7.765868105699501442e-04
2.459968758728377521e+06,9.993132350596001245e-01,7.766333603512995702e-04
2.459968759365276434e+06,9.993892957331370619e-01,7.766582275561932387e-04
2.459968760002186522e+06,9.984975102793415269e-01,7.763307121068795287e-04
2.459968760639085900e+06,9.987443246295277799e-01,7.764473952926729313e-04
2.459968761275984347e+06,9.993261267367503642e-01,7.766889022379471017e-04
2.459968761912894901e+06,9.984517164246651255e-01,7.764095780403207272e-04
2.459968762549793813e+06,9.987503160174348027e-01,7.765610757336871648e-04
2.459968763186703902e+06,9.992432479700238401e-01,7.767634643063022577e-04
2.459968763823603280e+06,9.987390979923046475e-01,7.766421364806291210e-04
2.459968764460513368e+06,9.988671897441802061e-01,7.767578126132755958e-04
2.459968765097412281e+06,9.987994738658509952e-01,7.767638294940370190e-04
2.459968765734322835e+06,9.986864215898256791e-01,7.767630969956529135e-04
2.459968766371221282e+06,1.000245424224131430e+00,7.773677712097349073e-04
2.459968767008120660e+06,9.994331855350719884e-01,7.771405498549085154e-04
2.459968767645031214e+06,9.995613018699754937e-01,7.772439637235714844e-04
2.459968768281930126e+06,9.992532426619107344e-01,7.771654200136982093e-04
2.459968768918840215e+06,9.995252202000848296e-01,7.773174391300174220e-04
2.459968769555738661e+06,9.992677893769679187e-01,7.772631486270564511e-04
2.459968770192649681e+06,9.991493784292163616e-01,7.773098742511456603e-04
2.459968770829548594e+06,9.999034822132599754e-01,7.776755985900593799e-04
2.459968771466447506e+06,1.000376329733001501e+00,7.779031782094508133e-04
2.459968772103357594e+06,1.000607061160730726e+00,7.780572477159826764e-04
2.459968772740256507e+06,1.000847626841862459e+00,7.782420819487025510e-04
2.459968773377167061e+06,1.000348697285119881e+00,7.781411470273260668e-04
2.459968774014065973e+06,1.000498472353444468e+00,7.782638690002662354e-04
2.459968774650976527e+06,1.000119568459918895e+00,7.781573740626942549e-04
2.459968775287874974e+06,9.996979760641895307e-01,7.780630321951670586e-04
2.459968775924773887e+06,1.000068620369939820e+00,7.782809064628331891e-04
2.459968776561684441e+06,9.996326307618577101e-01,7.781894582903000094e-04
2.459968777198583353e+06,9.994165422309962965e-01,7.781781653472772406e-04
2.459968777835493907e+06,9.994048335130923943e-01,7.782380237315752970e-04
2.459968778472392354e+06,9.989925365264126222e-01,7.781607583689993972e-04
2.459968779109302908e+06,9.998005565264014294e-01,7.785261200517268939e-04
2.459968779746202286e+06,9.990516570941762042e-01,7.783428608680864613e-04
2.459968780383100733e+06,9.989021877143188233e-01,7.783598904592818916e-04
2.459968781020011287e+06,9.993005774155573340e-01,7.785835571836682454e-04
2.459968781656910200e+06,9.988188183352573191e-01,7.784645199996551848e-04
2.459968782293820288e+06,9.986396554145925419e-01,7.784693744332459682e-04
2.459968782930719666e+06,9.988488513346605036e-01,7.786256818962721069e-04
2.459968783567629755e+06,9.986887783162449184e-01,7.786027885110517917e-04
2.459968784204528667e+06,9.985991521225306977e-01,7.786303224809962157e-04
2.459968784841439221e+06,1.000100215257336833e+00,7.792600726709395138e-04
2.459968785478337668e+06,9.996728040858312569e-01,7.791589688517755637e-04
2.459968786115237046e+06,9.992152350549261541e-01,7.790521221409527552e-04
2.459968786752147600e+06,9.998290934758068405e-01,7.793369493895361102e-04
2.459968787389046047e+06,9.985564555096857475e-01,7.789527032686445647e-04
2.459968788025956601e+06,9.988615716256540322e-01,7.790778440871570310e-04
2.459968788662855513e+06,9.986534910070106186e-01,7.789863786880121127e-04
2.459968789299765602e+06,9.987688483169308018e-01,7.790260310798387267e-04
2.459968789936664980e+06,9.983706653244446283e-01,7.788686494401346428e-04
2.459968790573575068e+06,9.985896356895671566e-01,7.789504755477731851e-04
2.459968791210473515e+06,9.990629115168060403e-01,7.791143893626006683e-04
2.459968791847372893e+06,9.988162706506759081e-01,7.790294452425232819e-04
2.459968792484282982e+06,9.992501289322298641e-01,7.791290242691254874e-04
2.459968793121182360e+06,9.998749926958087064e-01,7.794684909160038777e-04
2.459968793758092448e+06,1.000327832021204344e+00,7.796950215617223052e-04
2.459968794394990895e+06,1.000534990281226611e+00,7.800082623735215669e-04
2.459968795031901915e+06,1.000218841290744232e+00,7.804961185035975491e-04
2.459968795668800361e+06,9.993621879024061627e-01,7.817359817789798189e-04
2.459968796305699274e+06,9.998809734495072155e-01,7.841353288510970014e-04
2.459968796942609828e+06,1.000458645406463898e+00,7.865134514279247414e-04
2.459968812865207903e+06,9.978969031591726768e-01,7.849565041256596851e-04
2.459968813502106350e+06,9.982141972643674421e-01,7.841730053044509855e-04
2.459968814139017370e+06,9.982107796322090554e-01,7.834002207888530892e-04
2.459968814775916282e+06,9.991629218310318361e-01,7.832325783154052467e-04
2.459968815412826370e+06,9.991926063328046004e-01,7.827401004829009478e-04
2.459968816049725283e+06,1.000474992108525418e+00,7.826928452234442743e-04
2.459968816686624195e+06,9.998983406024740672e-01,7.819195565954681262e-04
2.459968817323534284e+06,1.000131334300044639e+00,7.813829485652790119e-04
2.459968817960433662e+06,9.996406642810512500e-01,7.805795378852958691e-04
2.459968818597343750e+06,9.994697124276336053e-01,7.798522100442976425e-04
2.459968828150895424e+06,9.995542362468985420e-01,7.767505429105199142e-04
2.459968828787805513e+06,9.991477963885826430e-01,7.766057010999050016e-04
2.459968829424704425e+06,9.989873373155576664e-01,7.765486152934445102e-04
2.459968830061614979e+06,9.991402406553824278e-01,7.766355372537198315e-04
2.459968830698513426e+06,9.986722127998605147e-01,7.765208895339196669e-04
2.459968831335412804e+06,9.987605974474919046e-01,7.765952848311044902e-04
2.459968831972322892e+06,9.984411760283503634e-01,7.764852736214949720e-04
2.459968832609221339e+06,9.990355842520382001e-01,7.767726487146627262e-04
2.459968833246132359e+06,9.985845289573159755e-01,7.766497322064079426e-04
2.459968833883031271e+06,9.988592517350753930e-01,7.767688121315082569e-04
2.459968834519941360e+06,9.992793444765103450e-01,7.769784468693944615e-04
2.459968835156839807e+06,9.994764379578460201e-01,7.770847876261254960e-04
2.459968835793739185e+06,9.992027015403661672e-01,7.770362158231748076e-04
2.459968836430649273e+06,9.994991684457311676e-01,7.772139114789704392e-04
2.459968837067548186e+06,9.995295870585623188e-01,7.772569246191344443e-04
2.459968837704458274e+06,9.993044635336211234e-01,7.772701508762230177e-04
2.459968838341357186e+06,9.992337231414102350e-01,7.772802729566911971e-04
2.459968838978267740e+06,9.987846945683696021e-01,7.771827850384433909e-04
2.459968839615166187e+06,9.994579731194500605e-01,7.775016157076892554e-04
2.459968840252065565e+06,1.000125422173687717e+00,7.778242414658801535e-04
2.459968840888975654e+06,1.000664191367407918e+00,7.780996897094416640e-04
2.459968841525874101e+06,1.000434107750349355e+00,7.780815528061178505e-04
2.459968842162784655e+06,1.000575487439819389e+00,7.782185992891535757e-04
2.459968842799684033e+06,1.000077728462104965e+00,7.781009875460002641e-04
2.459968843436594121e+06,9.998817070820922304e-01,7.780829369436639657e-04
2.459968844073492568e+06,9.999478604381804026e-01,7.781736102090809149e-04
2.459968844710402656e+06,9.994612355791252511e-01,7.780448230631311930e-04
2.459968845347302034e+06,9.993033502539652169e-01,7.780718273235065485e-04
2.459968845984200947e+06,9.992452222105018267e-01,7.781437726876773171e-04
2.459968846621111035e+06,9.997383636091425885e-01,7.783694965138793827e-04
2.459968847258009482e+06,9.991915855156618953e-01,7.782365771052528755e-04
2.459968847894920036e+06,9.995387729149980416e-01,7.784469134309643509e-04
2.459968848531818949e+06,9.988132335451428423e-01,7.782591190953430747e-04
2.459968849168729503e+06,9.992769985983521730e-01,7.785028722252133144e-04
2.459968849805627950e+06,9.986045817048749829e-01,7.783118835070626041e-04
2.459968850442526862e+06,9.991208039132492003e-01,7.785720220964075476e-04
2.459968851079437416e+06,9.986468534088361881e-01,7.784820309488204833e-04
2.459968851716335863e+06,9.990913607647451400e-01,7.787015395746693658e-04
2.459968852353246417e+06,9.990702684304512138e-01,7.787523917544116395e-04
2.459968852990145795e+06,9.998085460375010225e-01,7.790924322386924301e-04
2.459968853627055883e+06,9.986970849426759500e-01,7.787365770523810640e-04
2.459968854263954330e+06,9.995204911170662010e-01,7.791003680612575968e-04
2.459968854900864419e+06,9.992722136710842085e-01,7.790468846434090181e-04
2.459968855537763331e+06,9.988902009421278816e-01,7.789533462232248748e-04
2.459968856174662709e+06,9.985367148996897591e-01,7.788495962739650684e-04
2.459968856811572798e+06,9.987779334011610555e-01,7.789796338848513574e-04
2.459968857448471244e+06,9.987080304708401135e-01,7.789711383699087855e-04
2.459968858085381798e+06,9.982075783237088773e-01,7.787889852715397954e-04
2.459968858722280711e+06,9.987705220980042098e-01,7.790099284586647632e-04
2.459968859359191265e+06,9.987088373576866740e-01,7.789951495595145037e-04
2.459968859996089712e+06,9.973829394640827406e-01,7.792407652395726093e-04
2.459968860632999800e+06,9.984226527526979256e-01,7.788879877885423932e-04
2.459968861269898713e+06,9.983866369564581289e-01,7.788265493668857908e-04
2.459968861906798091e+06,9.995644059331317832e-01,7.793517363016742123e-04
2.459968862543708179e+06,9.999007038641617440e-01,7.795408457971133437e-04
2.459968863180606626e+06,9.998940913626657156e-01,7.799456543132245743e-04
2.459968863817516714e+06,9.995870293756504710e-01,7.807353893512705830e-04
2.459968864454416092e+06,9.993408493871250853e-01,7.823518271805118352e-04
2.459968865091326647e+06,1.000468750198217682e+00,7.850499254229996362e-04
2.459968865728225093e+06,1.000052866948925923e+00,7.869115529064296807e-04
2.459968881650821771e+06,9.981264556531420640e-01,7.849079436493604190e-04
2.459968882287720218e+06,9.983354856667469024e-01,7.842852297451108649e-04
2.459968882924630307e+06,9.996106662470086723e-01,7.840166610259862367e-04
2.459968883561529219e+06,9.992377896856553532e-01,7.831130463077568861e-04
2.459968884198440239e+06,9.991023525307284325e-01,7.824335660738024377e-04
2.459968884835338686e+06,9.997523907940897292e-01,7.820782265002335695e-04
2.459968885472248774e+06,1.000103952941729935e+00,7.815872771372292180e-04
2.459968886109147687e+06,1.000037623241988749e+00,7.808188713336541723e-04
2.459968897573417984e+06,9.982423780568945304e-01,7.762323800979973112e-04
2.459968898210316431e+06,9.985862094845140424e-01,7.763762260931643270e-04
2.459968898847226519e+06,9.983790487774361067e-01,7.762985372729469709e-04
2.459968899484125432e+06,9.988714051335074728e-01,7.765848940009161330e-04
2.459968900121035520e+06,9.985790884205916207e-01,7.765097526662018135e-04
2.459968900757934898e+06,9.983611201253951295e-01,7.764381343775598153e-04
2.459968901394833345e+06,9.988831551913347484e-01,7.767092842971218616e-04
2.459968902031743433e+06,9.980544876467358772e-01,7.764148486399148619e-04
2.459968902668642346e+06,9.987977606211748682e-01,7.767477066430667019e-04
2.459968903305552900e+06,9.991317159327504083e-01,7.769272472399046123e-04
2.459968903942451347e+06,9.987776711144035202e-01,7.768305306035675406e-04
2.459968904579361435e+06,9.993515899838647520e-01,7.770990125205916137e-04
2.459968905216260813e+06,9.989085025476907020e-01,7.769848313899962219e-04
2.459968905853170902e+06,9.993521276446518664e-01,7.772244299681969762e-04
2.459968906490069814e+06,9.992865602192948504e-01,7.772715359679929206e-04
2.459968907126968261e+06,9.990995875258897874e-01,7.772505183289769078e-04
2.459968907763878349e+06,9.989962513209929007e-01,7.772668300325260909e-04
2.459968908400777262e+06,9.995773341399903922e-01,7.775469795845568613e-04
2.459968909037687350e+06,1.000507817271504951e+00,7.779794095857289803e-04
2.459968909674586263e+06,1.000393096507323554e+00,7.780095122903923693e-04
2.459968910311496817e+06,9.999655134396321365e-01,7.779267944536450872e-04
2.459968910948406905e+06,9.997451067702898264e-01,7.779001928649011220e-04
2.459968911585294176e+06,9.992574340026370017e-01,7.777980739634123356e-04
2.459968912222204730e+06,9.997915325413060383e-01,7.780398571218849783e-04
2.459968912859103177e+06,9.992010281574593700e-01,7.778998292289945795e-04
2.459968913496013265e+06,9.996363099831816479e-01,7.781415758517985261e-04
2.459968914132912178e+06,9.990545806641796256e-01,7.779909935944023889e-04
2.459968914769822266e+06,9.992219258892812705e-01,7.781232112461642552e-04
2.459968915406721178e+06,9.990119667354607769e-01,7.781399311762121586e-04
2.459968916043620557e+06,9.988876077929439434e-01,7.781367776583541802e-04
2.459968916680530179e+06,9.991203914787911700e-01,7.783143973376096484e-04
2.459968917317429092e+06,9.987066509843711692e-01,7.782116471293441503e-04
2.459968917954339180e+06,9.992318668104945845e-01,7.785033608840122863e-04
2.459968918591238093e+06,9.988233066746490252e-01,7.784077913559573833e-04
2.459968919228148647e+06,9.985870058966670459e-01,7.783839554844474264e-04
2.459968919865046628e+06,9.984668679561878868e-01,7.784262247544314599e-04
2.459968920501957182e+06,9.984659204985184555e-01,7.784593407908061737e-04
2.459968921138856094e+06,9.987340290469559623e-01,7.786315982849070826e-04
2.459968921775755007e+06,9.989455254951863372e-01,7.787715922681873355e-04
2.459968922412665561e+06,9.990957786071146263e-01,7.788691231995745244e-04
2.459968923049564008e+06,9.997086756693598364e-01,7.791638737831130647e-04
2.459968923686474096e+06,9.993946812615306374e-01,7.791107058910504320e-04
2.459968924323384650e+06,9.990788344553142020e-01,7.790456610439931099e-04
2.459968924960283097e+06,9.984790336249477205e-01,7.788433929081557553e-04
2.459968925597182009e+06,9.986413869506621799e-01,7.789100466955320521e-04
2.459968926234092098e+06,9.982463492964754881e-01,7.787874318518397390e-04
2.459968926870990545e+06,9.983859297866484184e-01,7.788844010356709043e-04
2.459968927507889457e+06,9.980573609148216674e-01,7.787672211815792160e-04
2.459968928144799545e+06,9.984389091022319862e-01,7.788936553265969273e-04
2.459968928781698458e+06,9.982415752078135363e-01,7.788398281473086788e-04
2.459968929418609012e+06,9.988461581639911380e-01,7.790388690722518982e-04
2.459968930055507459e+06,9.991326079387555792e-01,7.790866603268662262e-04
2.459968930692418013e+06,9.999497945886698380e-01,7.794823359544953041e-04
2.459968931329316925e+06,9.995149241706308141e-01,7.794217296883716598e-04
2.459968931966215372e+06,9.996156746359626810e-01,7.797725970159017500e-04
2.459968932603125460e+06,9.997482883533287401e-01,7.806115702689789141e-04
2.459968933240024373e+06,9.996380370319570829e-01,7.820865066497241069e-04
2.459968933876934461e+06,9.997601823193735804e-01,7.844042878484285171e-04
2.459968934513833374e+06,1.000089586539008923e+00,7.883444514341673504e-04
